Codigo;Persona
200101;336
200102;11243
200103;15894
200104;10366
200105;5414
200106;7128
200107;7011
200108;8021
200109;7746
200110;6981
200111;7994
200112;6552
200113;6726
200114;6225
200115;7250
200116;6839
200117;6886
200118;6885
200119;5829
200120;6662
200121;7016
200122;6871
200123;5786
200124;3456
200125;6253
200126;4958
200127;7432
200128;8558
200129;7568
200201;623
200202;4647
200203;5158
200204;6471
200205;6534
200206;6396
200207;7098
200208;7917
200209;8736
200210;6680
200211;5632
200212;6206
200213;7805
200214;8412
200215;6044
200216;5443
200217;7618
200218;6851
200219;6291
200220;5754
200221;5748
200222;4740
200223;6781
200224;5534
200225;8813
200301;7771
200302;9262
200303;8125
200304;5424
200305;4781
200306;4365
200307;6466
200308;5766
200309;7331
200310;6136
200311;6901
200312;6689
200313;7648
200314;7994
200315;7410
200316;7476
200317;7223
200318;7010
200319;7785
200320;7363
200321;7165
200322;6534
200323;7641
200324;6371
200325;7789
200326;7012
200327;6099
200401;9170
200402;7936
200403;10835
200404;9297
200405;10783
200406;9022
200407;11350
200408;9830
200409;5457
200410;11382
200411;7413
200412;7966
200413;7525
200414;6557
200415;7368
200416;8894
200417;7033
200418;74
200419;9625
200420;10414
200421;9073
200422;9360
200423;8717
200424;9164
200425;10545
200426;3455
200501;7222
200502;8325
200503;7153
200504;7333
200505;6516
200506;7946
200507;7473
200508;7797
200509;7088
200510;7965
200511;8656
200512;7018
200513;7402
200514;8247
200515;7664
200516;9217
200517;8677
200518;8352
200519;8864
200520;10687
200521;7985
200522;11418
200601;9344
200602;9507
200603;8594
200604;8523
200605;8862
200606;8517
200607;9879
200608;8137
200609;6679
200610;7865
200611;7362
200612;7547
200613;8382
200614;8407
200615;8450
200616;10520
200617;6575
200618;7542
200619;8423
200620;7642
200621;9319
200701;7320
200702;8937
200703;9340
200704;9842
200705;7551
200706;6995
200707;7929
200708;6397
200709;7727
200710;7187
200711;8616
200712;6692
200713;9877
200714;11215
200715;10085
200716;7971
200717;15847
200718;12711
200719;8763
200720;12063
200721;9898
200722;9868
200723;7032
200724;10728
200801;20892
200802;7896
200803;10606
200804;8982
200805;9346
200806;9622
200807;24268
200808;8894
200809;7635
200810;11671
200811;11107
200812;6449
200813;5713
200814;13719
200815;18125
200816;9222
200817;3090
200901;5999
200902;10035
200903;9326
200904;9134
200905;9638
200906;10823
200907;10721
200908;11267
200909;11021
200910;9268
200911;12583
200912;10330
200913;7198
200914;13850
200915;9493
200916;11111
201001;6524
201002;6895
201003;6278
201004;7544
201005;11301
201006;11318
201007;11004
201008;8919
201009;8509
201010;10366
201011;9620
201012;7284
201013;8497
201014;8653
201015;7039
201016;8044
201017;8500
201018;9422
201019;10305
201101;9489
201102;9398
201103;8687
201104;10278
201105;8171
201106;9145
201107;11353
201108;7463
201109;8761
201110;8475
201111;7582
201112;6954
201113;8876
201114;7162
201115;9887
201116;7876
201117;7229
201118;8333
201119;7525
201120;8797
201121;8933
201122;9458
201201;8577
201202;7527
201203;9263
201204;8044
201205;8637
201206;8247
201207;9173
201208;9431
201209;6934
201210;9562
201211;8842
201212;6809
201213;7072
201214;9173
201215;11475
201216;12458
201217;8158
201218;11080
201219;11977
201220;8028
201221;8968
201222;10681
201301;9281
201302;8980
201303;7996
201304;10895
201305;7638
201306;7159
201307;7410
201308;7801
201309;7180
201310;9021
201311;4848
201312;7395
201313;10482
201314;6983
201315;8560
201316;8981
201317;9091
201318;7964
201319;8352
201320;7998
201321;7535
201322;7230
201323;8644
201324;7554
201325;6098
201326;7994
201327;7649
201328;6418
201329;8194
201401;9176
201402;8309
201403;8982
201404;9227
201405;8436
201406;7895
201407;6968
201408;6665
201409;11105
201410;25
201411;10225
201412;6731
201413;7755
201414;7464
201415;7345
201416;6091
201417;6450
201418;6805
201419;5221
201420;5920
201421;6661
201422;8360
201423;8189
201424;5501
201425;5634
201426;6970
201427;5508
201428;8352
201429;7634
201430;7924
201431;8442
201501;9492
201502;6699
201503;11122
201504;10614
201505;10790
201506;4420
201507;10764
201508;8953
201509;6690
201510;10343
201511;10728
201512;6402
201513;6664
201514;8952
201515;8712
201516;8947
201517;9240
201518;7435
201519;8080
201520;8546
201521;8981
602801;17179
602802;11448
602803;16384
602804;19231
602805;6075
602806;30312
602807;18708
602808;10454
602809;12475
602810;18748
602811;12195
602812;10990
602813;14486
602814;14132
602815;12993
602816;10078
602817;9303
602818;14079
602819;14094
602820;19830
602821;12699
602822;19009
602823;11564
602824;10241
602825;9982
602826;7313
602827;12059
602828;13453
602829;13417
602830;18173
602831;11814
602832;8641
602833;16505
602834;13239
602835;13076
602836;18192
602837;16154
602838;14214
602839;19963
603501;10648
603502;3391
603503;13453
603504;15627
603505;14362
603506;11025
603507;8148
603508;15587
603509;14145
603510;9681
603511;7806
603512;7531
603513;7194
603514;8972
603515;10402
603516;8480
603517;9273
603518;8664
603519;10006
603520;10173
603521;6784
603522;7332
603523;10059
603524;11466
603525;11673
603526;16884
603527;16018
603528;7428
603529;7074
603530;9673
603531;6035
603532;6924
603533;6617
603534;6836
603535;7306
609101;10533
609102;7955
609103;12314
609104;19070
609105;10350
609106;13368
609107;11782
609108;10854
609109;8204
609110;12824
609111;9707
609112;10857
609113;15338
609114;18023
609115;13128
609116;16619
609117;18526
609118;15299
609119;12378
609120;12994
609121;18758
609122;18291
609123;16617
609124;10455
626001;24942
626002;24433
626003;27902
626004;12820
626005;20876
626006;15308
626007;13558
626008;18634
626009;18397
626010;18265
626011;8722
626012;10242
626013;12585
626014;13808
626015;25010
626016;22635
626017;12822
627001;7058
627002;23442
627003;19361
627004;16518
627005;13864
627006;18773
627007;22659
627008;7707
627009;16151
627010;16238
627011;1951
627401;15610
627402;18543
627403;20023
627404;22033
627405;18311
627406;22355
627407;15730
627408;21570
627409;25166
627410;19737
627411;24160
627412;19055
627413;15674
627414;9743
627415;20367
627416;17506
627417;14375
627418;23748
627419;19174
627420;22171
627421;29219
627422;11735
637101;10148
637102;14224
637103;14572
637104;7846
637105;8957
637106;12237
637107;14882
637108;12548
637109;15783
637110;14115
637111;7186
637112;7995
637113;12820
637114;13499
637115;14457
637116;11900
637117;13500
637118;15579
637119;7611
637120;7910
637121;12921
637122;8496
637123;13071
637124;5976
637125;6975
637126;6926
637127;7190
637128;3690
637129;8916
637130;9561
637131;7264
637132;17313
637133;10975
637134;8378
637135;11637
637136;15545
637137;21593
640801;17185
640802;13386
640803;11112
640804;18243
640805;11183
640806;7876
640807;8762
640808;13260
640809;8188
640810;8978
640811;9737
640812;14382
640813;14890
640814;12679
640815;11380
641001;16359
641002;8792
641003;13163
641004;16295
641005;17614
641006;16624
641007;16706
641008;9553
641009;9264
641010;11391
641011;9724
641012;11505
641013;10834
641201;18247
641202;12858
641203;15076
641204;14707
641205;14808
641206;14192
641207;19839
641208;17331
641209;21875
641210;29899
641211;24998
641212;13828
641213;15853
641214;17307
641215;15163
642701;8715
642702;9859
642703;9023
642704;9728
642705;12124
642706;13279
642707;14258
642708;15271
642709;16911
642710;13928
642711;12805
642712;9456
642713;14095
642714;29831
642715;13724
642716;15806
642717;22018
642718;30201
642719;10954
642720;17793
642721;10952
642722;10117
642723;15814
642724;13969
642725;21280
642726;12403
642727;9479
642728;11410
642729;14125
642730;8837
642731;8581
642732;9893
642733;12664
642734;16696
642735;13029
642736;9038
642737;12139
642738;12855
642739;12639
642740;20032
642741;21537
642742;15468
642743;13996
642744;12340
642745;14272
642746;22441
642747;13446
642748;22643
642749;19536
642750;16202
642751;17812
642752;21738
642753;17503
642754;20201
642755;16750
642756;20426
642757;17698
642758;18670
642759;16099
642760;27578
642761;24411
642762;22162
642763;19070
642764;23441
642765;26321
642766;15694
642767;27568
642768;10632
642769;24072
642770;23053
642771;20015
642772;16388
642773;27167
642774;33919
642775;28239
642776;33434
642777;22704
642778;22092
642779;15814
642780;23927
642781;11427
642782;22479
642783;21240
642784;27042
642785;20019
642786;17840
642787;17545
642788;20597
642789;31173
642790;20060
642791;17858
642792;30476
642793;26073
642794;23548
642795;28763
642796;26192
642797;31274
643401;10628
643402;7233
643403;10589
643404;7453
643405;7742
643406;9120
643407;11211
643408;17995
643409;19053
643410;11698
643411;12784
643412;8342
643413;11182
643414;6321
643415;8438
643416;10647
643417;7690
643418;9228
643419;8261
643420;8838
643421;9425
643422;14228
643423;16212
643424;7871
643425;15006
643426;19735
643427;9989
643428;14946
643429;9702
643430;7496
643431;8819
643432;8948
643433;7074
643434;13408
643435;11981
643436;7464
643437;6314
643438;6629
643439;6574
643440;6027
643441;7304
643442;7216
643443;6881
643444;11412
643445;14149
649001;11862
649002;15969
649003;13673
649004;17354
649005;18655
649006;13358
649007;14196
649008;6625
649009;7285
649010;12896
649011;11289
649012;8265
649013;15538
649014;11637
649015;10477
649016;8854
649017;11446
649018;18163
649019;9302
649020;7611
649021;7982
649022;5661
649023;7914
649024;6485
649025;6616
649026;10368
649027;13758
649028;10432
649029;15322
649030;11641
649031;12698
649032;14024
649033;12592
649034;20011
649035;22349
649036;15249
649037;17972
649038;20648
649039;24073
649040;21376
649041;157
649042;7235
649043;10979
649044;14062
649045;7879
649046;9135
649047;9762
649048;7806
649049;8924
649050;9455
649051;9259
651501;19333
651502;17334
651503;15520
651504;12504
651505;13895
651506;15345
651507;18083
651508;13320
651509;15951
651510;15289
651511;13313
651512;18597
651513;16744
651514;13478
651515;17652
651516;8949
651517;9103
651518;17564
651519;18983
651520;18246
651521;13172
653901;16510
653902;13134
653903;10741
653904;14538
653905;9666
653906;9985
653907;11125
653908;19612
653909;14731
653910;26082
653911;21221
653912;19215
653913;10591
653914;16505
653915;8049
653916;8693
653917;14834
653918;12390
653919;9679
653920;16229
653921;7714
653922;12101
653923;18524
653924;17625
653925;15230
653926;18684
653927;17450
653928;16540
653929;18148
653930;20119
653931;23773
653932;20043
653933;16850
653934;22163
656001;21062
656002;27449
656003;23272
656004;23901
656005;14113
656006;27905
656007;20924
656008;12865
656009;4680
656010;16094
656011;20472
656012;17385
656013;15889
656014;20028
656015;22948
656016;20890
656017;19083
656018;16959
656019;18207
656020;20044
656021;14672
656022;11155
656023;14500
656024;12739
656025;15269
656801;2644
656802;10980
656803;19038
656804;8940
656805;8541
656806;9158
656807;6647
656808;8204
656809;9144
656810;13300
656811;8999
656812;8662
656813;9630
656814;7929
656815;9426
656816;11991
656817;11661
656818;9386
656819;10997
656820;11689
656821;4743
656822;9608
656823;8976
656824;8999
656825;13828
656826;10636
656827;10400
656828;12709
656829;15968
656830;14190
656831;14086
665801;8823
665802;12344
665803;12459
665804;14256
665805;11916
665806;9710
665807;11062
665808;6840
665809;7158
665810;12775
665811;9114
665812;12202
665813;7218
665814;7468
665815;10276
665816;7819
665817;10449
665818;7554
665819;7203
665820;14574
665821;25832
665822;10152
665823;11922
665824;10490
665825;11832
665826;10205
665827;17318
665828;11044
665829;14225
665830;14510
665831;15872
665832;13719
665833;18378
665834;14319
665835;12103
665836;18573
665837;19542
665838;22486
665839;13339
665840;22419
665841;23284
665842;15066
665843;15769
665844;19324
674901;3678
674902;11390
674903;8343
674904;3382
674905;7009
674906;3641
674907;9749
674908;9474
674909;14556
674910;14083
674911;14114
674912;13661
674913;24192
674914;23012
674915;2956
675601;14509
675602;8210
675603;4828
675604;6784
675605;7745
675606;6902
675607;7167
675608;8897
675609;15342
675610;7687
675611;8219
675612;9534
675613;15361
675614;19297
675615;12533
675616;10912
675617;9507
675618;8409
675619;10856
675620;8644
675621;11675
675622;14983
675623;12361
675624;10532
675625;17019
675626;9905
675627;15060
676001;18915
676002;12186
676003;12143
676004;847
676005;16828
676006;11425
676007;13682
676008;12928
676009;15771
676010;12801
676011;20634
676012;17878
676013;18642
676014;19999
676015;16892
676016;15776
676017;19350
676018;19493
680501;5650
680502;5533
680503;11804
680504;19575
680505;15039
680506;11262
680507;5721
680508;15836
680509;8957
680510;18785
680511;16362
680512;13350
680513;23365
680514;20556
680515;15180
680516;15963
680517;15252
680518;14660
680519;13468
680520;17489
680521;18640
680522;15843
680523;25063
680524;13110
680525;14450
680526;5468
684001;17597
684002;12541
684003;15386
684004;18909
684005;12375
684006;14581
684007;10972
684008;10015
684009;7308
684010;9033
684011;10240
684012;8719
684013;11090
684014;8321
684015;10849
684016;10068
684017;10262
684018;10858
684019;10487
684020;10271
684021;9244
684022;8550
684023;8185
684024;8008
684025;7584
684026;12071
684027;10945
684028;10469
684029;10705
684030;8612
684031;8624
684032;7192
686101;6946
686102;7565
686103;6448
686104;6035
686105;5138
686106;5581
686107;5960
686108;6838
686109;8876
686110;9392
686111;7877
686112;6679
686113;6155
686114;7598
686115;6559
686116;8928
686117;7615
686118;8862
686119;11674
686120;6523
686121;8206
686122;10006
686123;9595
686124;11168
686125;8541
686126;9162
686127;8259
686128;7157
686129;11123
686130;12051
686131;12113
686132;6102
686133;8688
600701;2033
600702;186
600703;225
600704;3314
600705;299
600706;777
600707;749
600708;9031
600709;78
600710;215
600711;165
601401;66
601402;36
601403;312
601404;100
601405;1859
601406;45
601407;38
601408;76
601409;40
601410;9246
601411;53
601412;89
601413;64
601414;16
601415;7
602101;31
602102;1099
602103;35
602104;47
602105;455
602106;8391
602107;29
602108;283
602109;119
602110;165
604201;7614
604202;153
604203;173
604204;122
604205;297
604206;164
604207;170
604208;114
604209;247
604210;154
604211;1498
604212;147
604213;94
604214;167
604215;108
604216;80
604217;111
604218;61
604219;8863
604901;10790
604902;11031
604903;203
604904;2815
604905;6474
604906;14422
604907;107
604908;53
604909;91
604910;3122
604911;182
604912;106
604913;89
604914;97
604915;91
604916;97
604917;101
604918;255
604919;160
604920;3389
604921;302
604922;244
604923;161
604924;56
604925;10842
605601;10083
605602;10643
605603;7167
605604;8762
605605;8495
605606;9119
605607;10748
605608;17124
605609;6797
605610;5414
605611;6235
605612;4988
605613;5773
605614;11114
605615;15861
605616;8984
605617;7114
605618;8637
605619;16361
605620;7218
605621;8677
605622;15634
605623;14940
605624;21150
605625;18175
605626;19350
605627;5599
605628;51
605629;43
605630;2258
605631;142
605632;8916
606301;15435
606302;7401
606303;851
606304;376
606305;73
606306;482
606307;9145
606308;599
606309;608
606310;557
606311;751
606312;112
606313;7433
607001;7586
607002;17567
607003;4370
607004;1689
607005;179
607006;165
607007;116
607008;523
607009;70
607010;345
607011;29
607012;122
607701;7069
607702;121
607703;61
607704;1306
607705;10579
607706;227
607707;35
607708;30
607709;187
607710;49
607711;71
607712;104
607713;82
607714;9123
608401;183
608402;88
608403;341
608404;165
608405;144
608406;83
608407;7345
608408;269
608409;4082
608410;83
608411;113
608412;7343
609801;10000
609802;14865
609803;12269
609804;2572
609805;10409
609806;16585
609807;6360
609808;15410
610501;7035
610502;7938
610503;290
610504;402
610505;99
610506;265
610507;119
610508;2665
610509;105
610510;269
610511;3285
610512;161
610513;1777
610514;9780
611201;12122
611202;9620
611203;630
611204;49
611205;529
611206;204
611207;2606
611208;176
611209;329
611210;2498
611211;4139
611212;67
611213;746
611214;7621
611901;212
611902;682
611903;9326
611904;3352
611905;342
611906;182
611907;2671
611908;383
611909;579
611910;8638
612601;11621
612602;11870
612603;8044
612604;5178
612605;19165
612606;2588
612607;12363
612608;5946
612609;16394
612610;1292
613401;8657
613402;9079
613403;10525
613404;1857
613405;577
613406;261
613407;121
613408;491
613409;9618
613410;10706
614001;260
614002;172
614003;13531
614004;367
614005;148
614006;16
614701;7465
614702;708
614703;676
614704;95
614705;1795
614706;511
614707;1142
614708;693
614709;525
614710;353
614711;240
614712;8034
615401;863
615402;3544
615403;178
615404;640
615405;72
615406;5304
615407;164
615408;687
615409;118
616101;11662
616102;139
616103;109
616104;1590
616105;207
616106;574
616107;189
616108;222
616801;151
616802;136
616803;86
616804;79
616805;184
616806;73
616807;44
616808;897
616809;6080
616810;375
616811;100
617501;377
617502;238
617503;52
617504;11298
617505;301
617506;12624
618201;15036
618202;9205
618203;3354
618204;59
618205;2616
618206;7816
618207;7116
618208;63
618209;740
618210;8588
618211;7559
618901;74
618902;50
618903;119
618904;38
618905;56
618906;159
618907;97
618908;49
618909;43
618910;6774
618911;108
618912;991
618913;187
618914;69
618915;2062
618916;75
618917;4874
619601;11645
619602;8197
619603;123
619604;115
619605;58
619606;60
619607;707
619608;136
619609;138
619610;108
619611;200
619612;128
619613;125
619614;74
619615;1119
620301;9883
620302;5217
620303;178
620304;284
620305;212
620306;98
620307;113
620308;9093
620309;92
620310;96
620311;104
620312;120
620313;191
620314;572
620315;118
620316;11949
621001;13698
621002;9182
621003;202
621004;161
621005;349
621006;3034
621007;198
621008;11846
621009;1394
621010;150
621011;47
621012;225
621013;8217
621701;9925
621702;396
621703;741
621704;10517
621705;440
621706;168
621707;50
621708;220
621709;424
621710;5403
621711;429
621712;13564
622401;13661
622402;10805
622403;8297
622404;13218
622405;193
622406;352
622407;81
622408;72
622409;5492
622410;81
622411;421
622412;471
622413;296
622414;251
622415;98
622416;39
622417;298
622418;79
622419;300
622420;2270
622421;66
622422;7344
623101;2168
623102;168
623103;216
623104;112
623105;73
623106;231
623107;184
623108;711
623109;191
623110;1582
623111;6
623112;11247
623801;11310
623802;10977
623803;347
623804;87
623805;145
623806;3672
623807;254
623808;60
623809;109
623810;15
623811;66
624501;10983
624502;16097
624503;13178
624504;11302
624505;5169
625201;16883
625202;13116
625203;5944
625204;14134
625205;9240
625206;7024
625207;16546
625208;11043
625209;24407
625210;17162
625211;9017
625212;12891
625213;12171
625214;24951
625215;18586
625216;504
626601;489
626602;1923
626603;7590
626604;551
626605;4189
626606;4575
626607;10488
627701;8053
627702;816
628001;6655
628002;5925
628003;1867
628004;2597
628005;239
628006;2760
628007;576
628008;1677
628009;699
628010;2419
628011;7252
628012;6928
628701;245
628702;139
628703;61
628704;9921
628705;290
628706;223
628707;251
629401;27
629402;2765
629403;48
629404;4321
629405;243
629406;3070
629407;108
629408;4321
630101;562
630102;127
630103;103
630104;165
630105;8440
630106;285
630107;233
630108;7450
630801;53
630802;49
630803;70
630804;73
630805;545
630806;874
630807;71
630808;31
630809;83
630810;967
631501;16680
631502;161
631503;1759
631504;193
631505;540
631506;333
631507;81
632201;41
632202;98
632203;859
632204;77
632205;92
632206;8213
632207;303
632208;83
632209;95
632210;682
632211;90
632212;51
632213;99
632901;279
632902;385
632903;11858
632904;602
632905;1623
632906;142
633601;102
633602;1827
633603;74
633604;32
633605;332
633606;64
633607;185
633608;111
633609;73
633610;900
634301;1100
634302;132
634303;181
634304;179
634305;196
634306;985
634307;8335
634308;94
635101;879
635102;252
635103;107
635104;1600
635105;76
635106;6688
635107;117
635108;178
635109;1288
635110;76
635701;8819
635702;8533
635703;8704
635704;5890
635705;9725
635706;9986
635707;11079
635708;12532
635709;15814
635710;15206
635711;13081
635712;16275
635713;9075
635714;8306
635715;9654
635716;7139
635717;6212
635718;6375
635719;4262
635720;2707
635721;4038
635722;5235
635723;2326
635724;1323
635725;1214
635726;1922
635727;1924
635728;2016
635729;1762
635730;3477
635731;3576
635732;4783
635733;6121
635734;3096
635735;4297
635736;1878
635737;2696
635738;1300
635739;3242
635740;3263
635741;3032
635742;1762
635743;2809
635744;3565
635745;8819
635746;7416
635747;6688
635748;9157
635749;5466
635750;13528
635751;9197
635752;20728
635753;16878
635754;7233
635755;6683
635756;9969
635757;8641
635758;6917
635759;8931
635760;8316
635761;8896
635762;7316
635763;1904
635764;6688
635765;8387
635766;7321
635767;15116
635768;8976
635769;10043
635770;13151
635771;12389
635772;12941
635773;6524
635774;14243
635775;5185
635776;5101
635777;6283
635778;15105
635779;14344
635780;12239
635781;6098
635782;5341
635783;800
636401;16380
636402;10759
636403;13027
636404;12344
636405;2150
636406;217
636407;14357
636408;17951
638501;2000
638502;427
638503;78
638504;287
638505;18
638506;54
638507;12180
638508;151
638509;150
638510;2582
638511;151
639201;13807
639202;179
639203;954
639204;476
639205;149
639206;605
639207;2302
639208;2277
639209;2541
639210;324
639211;90
639212;4794
639213;228
639214;123
639215;2015
639901;4769
639902;149
639903;1316
639904;121
639905;1936
639906;261
639907;2996
639908;278
640601;129
640602;8947
640603;509
641301;9710
641302;12861
641303;8085
641304;10519
641305;9313
641306;10196
641307;257
641309;181
641311;331
641313;6315
641314;5022
641315;1024
641316;22
641318;653
641319;1244
641321;10061
641322;4511
642001;5036
642002;3619
642003;4549
642004;4279
642005;4829
642006;1300
642007;1187
642008;3723
642009;4010
642010;3176
642011;3760
642012;2518
642013;1421
642014;1476
642015;1773
642016;1779
642017;2049
642018;1355
642019;3347
642020;2480
642021;7649
642022;4318
644101;9023
644102;6355
644103;5350
644104;9291
644105;4441
644106;3991
644107;3985
644108;3144
644109;6658
644110;8979
644111;8520
644112;5896
644113;3571
644114;3629
644115;5983
644116;9476
644117;7871
644118;6485
644119;5532
644120;6817
644121;9095
644122;6551
644123;4892
644124;6928
644125;5504
644126;8262
644127;7717
644128;8480
644129;8649
644130;8055
644131;11576
644132;10423
644133;9506
644134;13657
644135;18366
644136;12838
644137;16071
644138;10444
644139;9009
644140;13184
644141;14805
644142;26009
644143;14791
644144;11905
644145;12320
644146;8653
644147;13518
644148;7271
644149;6473
644150;6397
644151;15105
644152;8302
644153;9474
644154;14377
644155;11277
644156;8062
644157;12200
644158;5081
644159;8269
644160;10081
644161;9140
644162;10093
644163;7773
644164;12922
644165;14603
644166;18515
644167;1261
644168;10038
644169;13188
644170;8086
644171;131
644801;358
644802;83
644803;46
644804;39
644805;91
644806;9178
644807;54
644808;67
644809;60
644810;58
644811;62
644812;114
645501;10322
645502;80
645503;134
645504;225
645505;67
645506;710
645507;176
645508;114
645509;96
645510;84
645511;167
645512;184
645513;379
645514;11133
646201;31
646202;157
646203;20
646204;2617
646205;58
646206;473
646207;7877
646208;1331
646209;37
646210;1208
646211;82
646212;2908
646901;11490
646902;11261
646903;318
646904;775
646905;88
646906;6093
646907;100
646908;1828
646909;1863
646910;1332
646911;959
646912;129
646913;3313
646914;194
646915;2065
647601;5728
647602;1782
647603;156
647604;85
647605;258
647606;176
647607;2151
647608;166
647609;180
647610;157
647611;241
647612;383
647613;108
647614;5952
648301;14780
648302;234
648303;1045
648304;14582
648305;1746
648306;507
648307;692
648308;1105
648309;1257
648310;224
649701;9086
649702;1058
649703;10409
649704;6276
649705;14983
649706;9849
649707;5659
649708;12300
649709;103
649710;2348
649711;7665
649712;9277
649713;7368
649714;9892
650501;567
650502;3126
650503;12116
650504;3492
651101;80
651102;124
651103;334
651104;110
651105;8949
651106;478
651107;113
651801;3204
651802;6168
651803;960
651804;301
651805;1303
651806;2857
651807;4966
651808;1520
652501;11389
652502;1797
652503;3250
652504;20060
652505;4598
652506;13087
653201;11338
653202;5834
653203;13656
653204;583
653205;385
653206;117
653207;149
653208;397
653209;10319
653210;1495
653211;463
653212;127
653213;98
653214;6032
653215;12291
654701;157
654702;834
654703;7584
654704;182
654705;245
654706;578
654707;205
654708;350
654709;10899
655301;2695
655302;1692
655303;2112
657401;167
657402;224
657403;355
657404;13498
657405;373
657406;210
657407;1154
657408;823
657409;250
658101;11274
658102;7967
658103;5352
658104;7199
658105;1577
658106;255
658107;3631
658108;2484
658109;199
658110;621
658111;295
658112;406
658113;9355
658114;9460
658115;9997
658116;7036
658117;6146
658118;3048
658119;6631
658801;12651
658802;5803
658803;2170
658804;77
658805;806
658806;146
658807;605
658808;284
658809;12483
658810;1401
658811;73
658812;246
658813;839
658814;817
658815;435
658816;2796
658817;6090
659501;9806
659502;10348
659503;9059
659504;11607
659505;144
659506;564
659507;188
659508;685
659509;157
659510;149
659511;107
659512;105
659513;150
659514;269
659515;131
659516;10628
659517;133
659518;104
659519;9909
659520;765
659521;3498
659522;223
659523;258
659524;9983
659525;10758
659526;13880
659527;8100
660201;163
660202;1177
660203;4880
660204;35
660205;19
660206;20
660207;15
660208;2227
660209;157
660210;29
660211;11249
660212;106
660213;143
660214;702
660215;1
660216;9284
660901;9078
660902;13341
660903;94
660904;477
660905;255
660906;1285
660907;116
660908;32
660909;2276
660910;1523
660911;108
660912;84
660913;423
660914;92
660915;225
660916;104
660917;1957
660918;46
660919;8260
661601;727
661602;41
661603;5119
662301;10833
662302;6487
662303;6908
662304;9154
662305;10167
662306;39
662307;1298
662308;213
662309;934
662310;75
662311;1153
662312;53
662313;32
662314;1766
662315;298
662316;1208
662317;104
662318;1087
662319;70
662320;12878
662321;2491
662322;8619
662323;1555
662324;139
662325;1044
662326;150
662327;467
662328;14138
662329;11230
663001;311
663002;2540
663003;131
663004;118
663005;184
663006;356
663801;20960
663802;15676
663803;18598
663804;14380
663805;11585
663806;20374
663807;13975
663808;10776
663809;16563
663810;15309
663811;15361
663812;7255
663813;20270
663814;11159
663815;17189
663816;10012
663817;10646
663818;14009
663819;6438
663820;5837
663821;3101
663822;16399
663823;3205
664401;1373
664402;1812
664403;3883
664404;1073
664405;5908
664406;11679
664801;23436
664802;15845
664803;17077
664804;6353
664805;18430
665101;4900
665102;35
665103;86
665104;161
665105;5583
665106;191
665107;2061
665108;1141
665109;64
665110;198
665111;72
665112;69
665113;1182
665501;491
665502;4746
665503;4651
666501;1772
666502;7070
666503;6405
666504;674
666505;198
666506;43
666507;100
666508;39
666509;88
666510;4711
666511;71
666512;2
666513;11869
667201;153
667202;86
667203;93
667204;236
667205;80
667206;71
667207;160
667208;68
667209;111
667210;94
667211;134
667212;13435
667213;118
667214;337
667901;660
667902;72
667903;1714
667904;137
667905;126
667906;10916
667907;65
667908;139
667909;1377
667910;1232
667911;228
667912;477
668601;8147
668602;1265
668603;218
668604;49
668605;68
668606;2156
668607;268
668608;185
668609;69
668610;178
668611;953
668612;100
668613;9776
669301;200
669302;242
669303;10940
669304;301
669305;117
669306;210
669307;503
670001;1405
670002;8800
670003;39
670004;73
670005;284
670006;3001
670007;678
670008;97
670009;51
670010;164
670011;51
670012;6106
670701;13702
670702;142
670703;240
670704;2833
670705;531
670706;2046
670707;150
670708;479
670709;444
670710;165
670711;11371
671401;13111
671402;206
671403;1799
671404;157
671405;1056
671406;14355
671407;248
671408;1362
671409;359
672101;842
672102;7802
672801;1175
672802;651
672803;186
672804;80
672805;110
672806;83
672807;206
672808;230
672809;1922
672810;15679
672811;205
672812;116
672813;617
672814;1397
672815;284
672816;86
673501;8653
673502;1106
673503;1670
673504;763
673505;89
673506;56
673507;10801
674201;54
674202;135
674203;77
674204;7433
674205;78
674206;20
674207;184
674208;88
674209;108
674210;222
676301;13410
676302;9014
676303;9041
676304;8762
676305;17335
676306;19005
676307;13284
676308;13523
676309;2164
676310;59
676311;2511
676312;541
676313;62
676314;939
676315;54
676316;1259
676317;9066
676318;12448
676319;4469
676320;8895
676321;16
677001;11256
677002;3022
677003;121
677004;87
677005;22
677006;38
677007;72
677008;152
677009;1138
677010;13070
677011;442
677012;2316
677013;309
677014;73
677015;94
677016;2525
677017;116
677018;696
677019;46
677020;38
677021;7550
677022;15776
677023;77
677801;8363
677802;15765
677803;165
677804;2822
677805;3335
677806;2431
677807;167
677808;111
677809;9885
677810;16434
678401;47
678402;602
678403;82
678404;87
678405;90
678406;27
678407;138
678408;8601
678409;33
678410;92
678411;95
678412;187
679101;6625
679102;13944
679103;8076
679104;5978
679105;183
679106;364
679107;273
679108;221
679109;690
679110;2775
679111;508
679112;12893
679113;14836
679114;779
679115;932
679116;174
679117;213
679118;8852
679119;6574
679120;9067
679121;14906
679122;15008
679801;151
679802;170
679803;89
679804;68
679805;395
679806;178
679807;7622
679808;30
679809;182
679810;293
681201;141
681202;56
681203;81
681204;166
681205;1302
681206;18
681901;517
681902;255
681903;118
681904;6836
681905;832
681906;256
681907;50
681908;161
681909;3698
682601;14512
682602;7833
682603;84
682604;922
682605;329
682606;138
682607;4315
682608;241
682609;152
682610;237
682611;256
682612;66
682613;321
682614;89
682615;201
682616;5158
682617;175
682618;530
682619;7462
683301;12878
683302;10083
683303;57
683304;164
683305;60
683306;67
683307;270
683308;160
683309;133
683310;12325
683311;608
683312;76
683313;549
683314;1197
683315;664
683316;138
683317;2463
683318;2256
683319;12962
684701;8327
684702;373
685401;13302
685402;10296
685403;407
685404;1033
685405;302
685406;571
685407;187
685408;618
685409;144
685410;6727
685411;237
685412;312
685413;241
685414;1465
686801;7055
686802;5383
686803;5605
686804;878
686805;4911
686806;1009
686807;3249
686808;3640
687501;25
687502;154
687503;145
687504;380
687505;148
687506;5656
687507;93
687508;1898
687509;304
687510;61
687511;30
687512;344
687513;196
687514;254
687515;5962
687516;14873
687517;428
687518;63
688201;11399
688202;12092
688203;7332
688204;1632
688205;8986
688206;144
688207;1507
688208;14671
688209;18552
688210;12621
688211;702
688212;436
688213;521
688214;617
688215;107
688216;10201
688217;12479
688218;270
1000701;1019
1000702;1321
1000703;587
1000704;1536
1001401;635
1001402;485
1001403;203
1001404;169
1001405;350
1001406;239
1001407;300
1001408;316
1001409;220
1002101;12994
1002102;1116
1002103;239
1002104;407
1002105;91
1002106;76
1002107;164
1002108;270
1002109;316
1002110;2459
1002801;284
1002802;1037
1002803;115
1003501;13524
1003502;3009
1003503;2182
1003504;614
1003505;3624
1003506;4890
1004201;4853
1004202;3815
1004203;5357
1004204;775
1004205;387
1004206;898
1004901;19175
1004902;18585
1004903;22751
1004904;21234
1004905;17425
1004906;17087
1004907;13495
1004908;15627
1004909;14324
1005601;547
1005602;992
1005603;445
1005604;330
1005605;920
1005606;199
1005607;137
1006301;1260
1006302;10636
1007001;12101
1007002;3122
1007003;5553
1007004;1862
1007701;2054
1007702;566
1007703;224
1007704;349
1007705;333
1007706;659
1008401;3568
1008402;1636
1008403;4237
1008404;1335
1009101;12666
1009102;707
1009103;1739
1009104;2016
1009105;4584
1009106;492
1009107;344
1009801;1396
1009802;2760
1009803;854
1009804;7024
1010501;11588
1010502;965
1010503;4736
1010504;678
1010505;289
1010506;697
1010507;3258
1010508;149
1011201;423
1011202;314
1011203;668
1011204;11668
1011205;14169
1400701;3851
1400702;8932
1400703;4252
1400704;2984
1400705;12395
1400706;6376
1400707;2396
1400708;12231
1400709;1313
1401401;12740
1401402;14193
1401403;15428
1401404;14661
1401405;19467
1401406;8560
1401407;14084
1401408;12818
1401409;17012
1401410;16958
1401411;10766
1401412;10963
1401413;11092
1401414;9671
1401415;21976
1401416;22784
1401417;26634
1401418;22531
1401419;23801
1401420;15004
1401421;5799
1401422;16959
1401423;13642
1401424;11213
1401425;13973
1401426;12522
1401427;10802
1401428;19246
1401429;19906
1401430;17068
1401431;20315
1401432;13697
1401433;18515
1401434;13963
1401435;16503
1401436;11230
1401437;16931
1401438;13404
1401439;9005
1401440;8854
1401441;13095
1401442;15536
1401443;13543
1401444;11293
1401445;13902
1401446;15545
1401447;7997
1401448;9775
1401449;11154
1401450;10707
1401451;20334
1401452;15562
1401453;11942
1401454;7280
1401455;6380
1401456;6466
1401457;6059
1401458;5840
1401459;6245
1401460;13214
1401461;17231
1401462;12496
1401463;9883
1401464;8950
1401465;10534
1401466;5811
1401467;5167
1401468;5673
1401469;6958
1401470;5735
1401471;6480
1401472;7195
1401473;9117
1401474;17165
1401475;25024
1401476;19814
1401477;21133
1401478;13343
1401479;16766
1401480;6439
1401481;6952
1401482;6499
1401483;12489
1401484;9051
1401485;16592
1401486;13559
1401487;12748
1401488;14270
1401489;14802
1401490;13014
1401491;17702
1401492;12926
1401493;21448
1401494;17095
1401495;16302
1401496;17101
1401497;21944
1401498;13370
1401499;14267
1402101;3418
1402102;3746
1402103;8644
1402104;6228
1402105;3102
1402106;11744
1402107;13478
1402108;14691
1402109;11514
1402110;17051
1402111;16168
1402112;9612
1402113;10172
1402114;9516
1402115;7427
1402116;10659
1402117;10271
1402118;15654
1402119;10084
1402120;16406
1402121;15566
1402801;6736
1402802;17948
1402803;12732
1402804;6093
1402805;11813
1402806;2564
1402807;873
1403501;3861
1403502;6108
1403503;9560
1403504;9877
1403505;6239
1404201;4666
1404202;2804
1404203;7748
1404204;18818
1404205;6703
1404206;17220
1404207;15336
1404208;16147
1404209;18148
1404210;7364
1404211;12500
1404901;6605
1404902;3496
1404903;21211
1405601;14168
1405602;11252
1405603;8916
1405604;7516
1405605;1829
1405606;4860
1405607;12537
1406301;1337
1406302;3949
1406303;6683
1406304;6454
1406305;10314
1406306;6853
1406307;5092
1406308;4206
1406309;11515
1406310;10391
1406311;12730
1406312;14274
1406313;10407
1407001;1220
1407002;3507
1407701;1424
1407702;3956
1408401;6239
1408402;2078
1408403;3429
1408404;4002
1408405;20534
1409101;11181
1409102;3048
1409103;6784
1409104;16335
1409105;6205
1409106;10117
1409107;19042
1409108;6818
1409109;19651
1409110;14052
1409111;10714
1409112;18006
1409113;7384
1409114;7864
1409115;5943
1409116;1615
1409117;5489
1409118;2543
1409119;5610
1409801;7264
1409802;3723
1409803;6101
1409804;2346
1409805;7324
1409806;1434
1409807;1027
1409808;3568
1409809;8487
1409810;6145
1409811;3613
1409812;5678
1409813;3567
1409814;2494
1409815;14054
1409816;12083
1409817;12774
1409818;15559
1409819;11845
1409820;11794
1409821;12059
1409822;13099
1409823;12814
1409824;14494
1409825;13502
1409826;12933
1409827;7586
1409828;9005
1409829;10021
1410501;4887
1410502;7926
1410503;9411
1410504;3571
1410505;11996
1410506;8884
1411201;6005
1411202;1604
1411203;5633
1411901;10004
1411902;3596
1411903;10583
1411904;11271
1411905;5323
1411906;19713
1411907;14735
1411908;15313
1411909;13180
1412601;1470
1412602;2199
1412603;8229
1412604;1590
1412605;10987
1412606;4042
1412607;8487
1413301;7106
1413302;7832
1413303;4690
1413304;4038
1413305;15379
1413306;14475
1414001;4371
1414002;3644
1414003;11167
1414004;10980
1414005;11231
1414006;8882
1414007;16890
1414008;15156
1414009;9547
1414010;9907
1414011;15291
1414012;15650
1414013;12796
1414014;18013
1414015;8257
1414016;8638
1414017;9649
1414018;8636
1414019;7602
1414701;12998
1414702;14177
1414703;7318
1414704;7386
1414705;1557
1414706;4214
1414707;2398
1414708;15362
1414709;17438
1414710;15340
1415401;1114
1415402;3477
1416101;6029
1416102;7048
1416103;7714
1416104;3400
1416105;5739
1416106;11422
1416107;11672
1416108;10109
1416109;17938
1416110;14823
1416111;13660
1416801;4705
1416802;8776
1416803;5075
1417501;4346
1417502;8327
1418201;9969
1418202;7996
1418203;4673
1418204;7393
1418205;9409
1418206;9776
1418207;5532
1418208;8865
1418209;10177
1418210;7468
1418211;7325
1418212;8499
1418213;8645
1800701;23380
1800702;9425
1800703;1990
1800704;103
1800705;605
1800706;931
1800707;697
1800708;50
1801401;1411
1801402;209
1801403;586
1801404;255
1801405;0
1802101;15830
1802102;13431
1802103;25389
1802104;25391
1802105;14954
1802106;19485
1802107;22649
1802108;12354
1802109;13324
1802110;9008
1802111;8682
1802112;10514
1802113;4218
1802114;43
1802115;14412
1802116;16732
1802117;20718
1802118;20745
1802119;17371
1802120;16879
1802121;16518
1802122;17895
1802123;21681
1802801;3327
1802802;198
1802803;10239
1802804;5360
1802805;197
1802806;602
1802807;1190
1803501;12451
1803502;125
1803503;419
1803504;183
1803505;648
1803506;593
1803507;234
1803508;304
1803509;175
1803510;69
1803511;664
1803512;292
1803513;537
1803514;705
1803515;4840
1803516;154
1803517;71
1803518;11441
1803519;10479
1804201;9129
1804202;421
1804203;2140
1804204;593
1804205;2766
1804206;60
1804901;17490
1804902;1917
1804903;3584
1804904;937
1804905;368
1804906;159
1804907;4614
1804908;449
1804909;454
1804910;765
1804911;65
1805601;6653
1805602;442
1805603;406
1805604;202
1805605;127
1805606;96
1806301;4738
1806302;4139
1806303;939
1806304;775
1806305;595
1806306;201
1806307;1665
1806308;1783
1806309;1
1807001;14416
1807002;2876
1807003;1167
1807004;415
1807005;442
1807006;271
1807007;196
1807008;1099
1807009;414
1807010;1542
1807011;877
1807012;1574
1807013;1325
1807014;1673
1807015;6726
1807016;1661
1807017;552
1807018;789
1807019;935
1807020;12912
1807021;17023
1807022;21074
1807701;5220
1807702;2552
1807703;820
1807704;370
1807705;208
1807706;1
1808401;17692
1808402;3231
1808403;464
1808404;130
1808405;340
1808406;147
1808407;201
1808408;78
1808409;238
1808410;3078
1808411;3753
1808412;1798
1809101;10595
1809102;6958
1809103;1741
1809104;2173
1809105;693
1809106;106
1809107;3168
1809108;3317
1809109;8
1809801;6297
1809802;1371
1809803;1126
1809804;287
1809805;171
1810501;15616
1810502;1700
1810503;178
1810504;94
1810505;127
1810506;172
1810507;43
1810508;1171
1810509;1949
1810510;320
1810511;1558
1810512;662
1810513;604
1810514;54
1810515;43
1810516;592
1810517;48
1810518;130
1810519;91
1810520;108
1810521;15407
1811201;11391
1811202;1766
1811203;157
1811204;1493
1811205;166
1811206;303
1811207;2085
1811208;6898
1811209;12079
1811901;17467
1811902;69
1811903;630
1811904;1236
1811905;156
1811906;811
1811907;186
1811908;80
1811909;621
1811910;320
1811911;85
1811912;124
1811913;6
1811914;7554
1811915;19297
1812601;11702
1812602;1508
1812603;715
1812604;303
1812605;1627
1812606;607
1812607;2350
1812608;302
1812609;3130
1813301;1896
1813302;6454
1813303;1781
1813304;1077
1813305;3170
1813306;3
1814001;10872
1814002;3374
1814003;317
1814004;532
1814005;269
1814006;613
1814007;550
1814008;775
1814009;288
1814701;6806
1814702;2884
1814703;188
1814704;163
1814705;150
1814706;92
1814707;63
1814708;1415
1814709;212
1814710;111
1814711;62
1814712;994
1815401;4274
1815402;2685
1815403;57
1815404;513
1815405;31
1815406;163
1815407;2777
1815408;72
1815409;0
1816101;7323
1816102;2034
1816103;612
1816104;2115
1816105;2721
1816106;3561
1816801;9231
1816802;602
1816803;238
1816804;129
1816805;208
1816806;305
1816807;28851
1816808;263
1816809;60
1816810;305
1816811;310
1816812;474
1816813;3855
1816814;1266
1816815;251
1816816;942
1816817;14007
1817501;7014
1817502;238
1817503;246
1817504;506
1817505;447
1817506;486
1817507;47
1817508;48
2200701;5351
2200702;4135
2200703;736
2200704;346
2200705;7162
2200706;1373
2200707;8607
2200708;2084
2200709;4281
2201401;950
2201402;137
2201403;1958
2201404;8697
2201405;4914
2201406;4505
2201407;2422
2201408;1342
2201409;127
2202101;283
2202102;292
2202103;409
2202104;963
2202105;6604
2202106;5950
2202107;18976
2202108;15928
2202109;387
2202110;458
2202111;396
2202112;377
2202113;325
2202114;219
2202115;13462
2202116;16301
2202117;15614
2202801;19120
2202802;1656
2202803;8751
2202804;372
2202805;691
2203601;13042
2203602;945
2203603;1648
2203604;1096
2203605;148
2203606;718
2203607;160
2203608;65
2203609;4459
2203901;6262
2203902;516
2203903;654
2204301;5265
2204302;2942
2204303;2792
2204304;468
2204305;359
2204901;3973
2204902;153
2204903;7571
2204904;291
2205601;3086
2205602;1463
2205603;8859
2205604;82
2206301;7410
2206302;10475
2206303;10568
2206304;3244
2206305;7548
2206306;3479
2206307;4617
2206308;8046
2206309;11745
2207001;6011
2207002;4466
2207003;7244
2207004;3542
2207005;483
2207006;665
2207701;7131
2207702;2206
2207703;2704
2207704;117
2208401;6290
2208402;8503
2208403;641
2208404;982
2208405;4201
2208406;2713
2208407;1092
2208408;2618
2208409;430
2208410;3553
2208411;10858
2208412;17266
2209101;4905
2209102;1234
2209103;2222
2209104;1717
2209105;13431
2209106;567
2209107;1212
2209801;19683
2209802;3500
2209803;5670
2209804;4056
2209805;549
2209806;1171
2209807;20451
2210501;11140
2210502;2060
2210503;14342
2210504;1013
2211201;9015
2211202;258
2211203;3710
2211204;4478
2211205;436
2211206;281
2211207;243
2211208;798
2211209;338
2211210;574
2211901;9195
2211902;3092
2211903;212
2212601;3814
2212602;722
2212603;5786
2213301;19914
2213302;3038
2213303;2529
2213304;6386
2213305;2214
2214001;16320
2214002;11024
2214003;10380
2214004;11422
2214005;13785
2214006;13297
2214007;24776
2214008;10905
2214009;19267
2214010;21791
2214011;10481
2214012;13378
2214013;10963
2214014;9497
2214015;9147
2214016;19260
2214017;9846
2214018;19505
2214019;12415
2214020;10654
2214021;8471
2214022;679
2214023;575
2214024;3419
2214025;18886
2214026;9655
2214027;28828
2214028;12141
2214029;17581
2214030;12526
2214701;1862
2214702;5287
2214703;5961
2214704;1592
2215401;4716
2215402;4067
2215403;7106
2216101;345
2216102;1623
2216103;1938
2216104;191
2216801;18538
2216802;1408
2216803;4905
2216804;4364
2600701;75
2600702;692
2600703;801
2600704;10622
2600705;12274
2600706;15676
2600707;13010
2600708;13033
2600709;8366
2600710;8334
2601401;4407
2601402;198
2601403;1526
2601404;120
2601405;25
2601406;39
2601407;1434
2601408;2294
2601409;6132
2601410;1738
2601411;3006
2602101;224
2602102;1484
2602103;133
2602104;9100
2602105;16123
2602106;13781
2602107;9254
2602108;10627
2602109;7211
2602110;8234
2602111;13668
2602112;9860
2602113;10942
2602114;11147
2602115;10557
2602116;14814
2602117;14415
2602118;11238
2602119;13771
2602801;73
2602802;135
2602803;1419
2603501;233
2603502;415
2603503;8716
2603504;2177
2603505;7908
2603506;10369
2603507;13258
2604201;130
2604202;62
2604203;215
2604204;10734
2604901;1225
2604902;202
2605601;1240
2605602;1515
2605603;330
2606301;130
2606302;583
2606303;35
2606304;30
2607001;1784
2607002;83
2607701;189
2607702;321
2607703;6775
2607704;1835
2607705;15475
2607706;8932
2607707;16638
2607708;13454
2607709;14535
2607710;12550
2607711;11661
2607712;14620
2607713;14328
2608401;1867
2608402;308
2608403;2919
2608404;284
2608405;601
2609101;138
2609102;57
2609103;1111
2609104;10090
2609801;1673
2609802;2374
2609803;1343
2610501;758
2610502;886
3000801;7852
3000802;8573
3000803;8728
3000804;11667
3000805;6511
3000806;10023
3000807;1239
3000808;1105
3000809;1325
3000810;1368
3000811;3768
3000812;1
3001501;20069
3001502;17840
3001503;9971
3001504;17185
3001505;14619
3001506;17337
3001507;14333
3001508;8160
3001509;7534
3001510;17487
3001511;7747
3001512;4554
3001513;6310
3001514;1254
3001515;4233
3001516;1400
3002101;8536
3002102;7490
3002103;3904
3002104;2501
3002105;3805
3002106;1217
3002107;6545
3002108;1028
3002109;6135
3002110;3087
3002111;431
3002112;1578
3002113;104
3002801;10948
3002802;5710
3002803;889
3002804;15189
3002805;14840
3002806;4461
3002807;4357
3002808;3973
3002809;1795
3002810;620
3002811;1550
3002812;3181
3002813;1223
3003501;16075
3003502;1658
3003503;282
3003504;1120
3003505;532
3003506;244
3003507;577
3003508;547
3003509;349
3003510;1481
3003511;2998
3004201;10106
3004202;1978
3004203;822
3004204;446
3004205;720
3004206;447
3004207;560
3004901;10050
3004902;14741
3004903;10886
3004904;7332
3004905;1502
3004906;961
3004907;764
3004908;488
3004909;261
3004910;4898
3005601;18924
3005602;15893
3005603;11839
3005604;16061
3005605;9336
3005606;6288
3005607;4361
3005608;1513
3005609;2309
3005610;1176
3005611;692
3005612;1079
3005613;680
3005614;1041
3005615;8158
3005616;828
3005617;6451
3005618;2832
3006301;2975
3006302;4759
3006303;784
3006304;2121
3006305;1438
3007001;11091
3007002;8744
3007003;5973
3007004;2255
3007005;2251
3007006;681
3007007;808
3007008;992
3007009;1285
3007010;7099
3007011;10784
3007012;2584
3007013;3547
3007014;8790
3007015;19
3007701;10337
3007702;12124
3007703;1241
3007704;1533
3007705;1505
3007706;1331
3007707;2203
3007708;1790
3007709;800
3007710;314
3007711;1260
3007712;4588
3008401;14450
3008402;14220
3008403;15075
3008404;20252
3008405;21869
3008406;13410
3008407;11442
3008408;22069
3008409;14433
3008410;18112
3008411;12577
3008412;4642
3008413;4212
3008414;17907
3008415;11562
3008416;10424
3008417;19246
3008418;1961
3008419;3084
3008420;746
3008421;6580
3008422;2744
3008423;4333
3008424;1942
3008425;5770
3008426;1742
3008427;4925
3008428;981
3008429;1012
3008430;5729
3008431;1688
3008432;2822
3008433;7727
3008434;1695
3008435;1542
3008436;258
3008437;9383
3008438;521
3008439;854
3008440;1050
3008441;3885
3008442;752
3008443;9741
3008444;8160
3008445;2373
3008446;28
3008801;5428
3008802;7800
3008803;3149
3008804;257
3008805;188
3008806;103
3008807;432
3009101;12671
3009102;1052
3009103;988
3009104;395
3009105;6196
3009106;724
3009107;348
3009108;446
3009109;249
3009110;2296
3009111;300
3009801;18540
3009802;13015
3009803;9608
3009804;12958
3009805;11422
3009806;8186
3009807;9485
3009808;257
3009809;2243
3009810;1575
3009811;1495
3009812;144
3009813;1996
3009814;3402
3009815;4165
3009816;725
3009817;1475
3009818;37
3010501;7614
3010502;8727
3010503;7190
3010504;6842
3010505;711
3010506;1951
3010507;1974
3010508;758
3011301;17142
3011302;10447
3011303;7048
3011304;2790
3011305;1858
3011306;1552
3011307;1110
3011308;1265
3011309;620
3011310;1077
3011311;1101
3011312;1133
3011313;984
3011314;838
3400701;2207
3400702;2577
3400703;246
3400704;4966
3400705;2136
3400706;497
3400707;1098
3400708;319
3401401;21675
3401402;21396
3401403;12596
3401404;18743
3401405;3022
3401406;1890
3401407;17998
3401408;494
3401409;540
3401410;1147
3401411;749
3401412;227
3401413;126
3401414;1216
3401415;27464
3401416;27737
3401417;16629
3401418;35
3401419;97
3401420;18135
3401421;15405
3401422;27033
3402101;105
3402102;5918
3402103;3529
3402104;1364
3402105;445
3402106;2210
3402107;3492
3402801;12657
3402802;1181
3402803;537
3403501;3570
3403502;2117
3403503;1414
3403504;2621
3403505;1733
3403506;9735
3403507;4714
3403508;4523
3403509;8419
3403510;5453
3403511;2579
3403512;8173
3403513;347
3403514;419
3403515;692
3403516;357
3403517;221
3403518;5941
3403519;4517
3403520;738
3403521;298
3404201;7714
3404202;2471
3404203;3986
3404204;635
3404205;3593
3404901;29900
3404902;4
3404903;1429
3404904;871
3404905;52
3404906;7016
3404907;5624
3404908;8361
3404909;2513
3404910;22753
3404911;6501
3405601;14228
3405602;727
3405603;889
3405604;5490
3405605;2002
3405606;1295
3405607;5476
3405608;760
3405609;424
3405610;1253
3405611;18613
3405612;486
3405613;272
3405614;3807
3405615;7600
3405616;540
3405617;200
3405618;504
3406301;4413
3406302;9341
3800701;7537
3800702;2210
3800703;547
3800704;1338
3800705;1024
3801401;6885
3801402;4876
3801403;6412
3801404;18859
3801405;16501
3801406;23634
3801407;19872
3802101;4530
3802102;318
3802103;1767
3802104;13334
3802105;29344
3802106;18165
3802107;18407
3802108;26734
3802109;24442
3802110;15703
3802111;18450
3802112;24725
3802113;24477
3802114;27884
3802115;16969
3802801;890
3802802;1121
3802803;1271
3802804;10916
3802805;2703
3802806;465
3803501;13307
3803502;9497
3803503;1101
3803504;14883
3803505;17924
3803506;25078
3804201;1226
3804202;4255
3804203;596
3804204;17021
3804205;14863
3804206;14670
3804901;972
3804902;241
3804903;1275
3805601;2216
3805602;2137
3805603;113
3806301;10963
3806302;5728
3806303;1410
3806304;23134
3806305;19823
3806306;13979
3807001;4100
3807002;4952
3807003;132
3807004;2718
3807005;5661
3807006;167
3807701;765
3807702;962
3807703;1073
3808401;528
3808402;520
3808403;1897
3808404;366
3808405;480
3809401;1947
3809402;187
3809403;181
3809404;5785
3809405;4069
3809406;180
3809801;379
3809802;1452
3809803;297
3809804;2200
3809805;330
3810501;699
3810502;1128
3810503;298
3810504;326
3811201;15781
3811202;2324
3811203;1153
3811204;209
3811205;770
3811206;569
4200701;1814
4200702;2238
4200703;371
4200704;4950
4200705;780
4201401;114
4201402;2199
4202101;6089
4202102;1988
4202103;12365
4202104;12841
4202105;14006
4202106;7544
4202107;15798
4202108;15159
4202109;13238
4202110;6284
4202801;1191
4202802;1740
4202803;4204
4202804;158
4203501;341
4203502;675
4203503;2339
4203504;7081
4203505;616
4203506;2605
4203507;420
4204201;31
4204202;536
4204203;473
4204901;2985
4205601;764
4205602;245
4205603;1628
4205604;428
4205605;7813
4205606;742
4206301;1502
4207001;2012
4207002;1066
4207003;99
4207004;617
4207005;5037
4207701;522
4207702;2768
4207703;1703
4207704;2547
4208401;283
4208402;156
4209101;503
4209801;5931
4209802;750
4209803;1450
4209804;488
4210501;452
4210502;1500
4210503;7202
4210504;12815
4210505;596
4210506;379
4210507;13795
4210508;8664
4210509;4848
4210510;8773
4211201;812
4211202;44
4211203;8612
4211901;624
4211902;3921
4211903;3055
4211904;1063
4212601;3671
4212602;2824
4212603;152
4212604;1376
4212605;2645
4213301;348
4213302;7591
4213303;309
4213304;263
4213305;4736
4213306;1431
4213307;1549
4214001;116
4214002;12134
4214003;159
4214701;1212
4214702;3705
4214703;509
4215401;399
4215402;596
4215403;825
4215404;389
4215405;12160
4215406;317
4215407;153
4600701;13101
4600702;2317
4601401;13332
4601402;399
4601403;440
4601404;18319
4601405;25645
4601406;8778
4601407;21749
4601408;17433
4601409;28494
4601410;24907
4601411;21499
4602101;3492
4602102;776
4602801;6514
4602802;3134
4603501;12069
4603502;2091
4604201;29248
4604202;7327
4604203;9447
4604204;3410
4604901;3187
4604902;2676
4605601;3073
4606301;6092
4606302;1278
4607001;2736
4607002;1372
4607701;1734
4608401;3247
4608402;3898
4609101;676
4609102;4268
4609801;2731
4610501;2427
4611201;11039
4611202;1916
4611203;1099
4611901;3453
4611902;474
4612601;2345
5000701;9464
5000702;12096
5000703;7770
5000704;4504
5000705;7238
5000706;7708
5000707;7842
5000708;5886
5000709;6950
5000710;21194
5000711;9794
5000712;3623
5000713;10972
5001401;304
5001402;130
5001403;1861
5001404;8423
5001405;4846
5001406;14884
5001407;15981
5002101;18652
5002102;17045
5002103;11090
5002104;17735
5002105;10927
5002106;13377
5002107;8450
5002108;13605
5002109;12148
5002110;9467
5002111;5990
5002112;10135
5002113;13530
5002114;11228
5002115;5576
5002116;12948
5002801;8876
5002802;10807
5002803;22752
5002804;17397
5002805;25248
5002806;14501
5002807;11198
5002808;16823
5002809;11928
5002810;9881
5002811;20026
5002812;18908
5002813;10409
5002814;11829
5002815;10769
5002816;9947
5002817;16774
5002818;14044
5002819;12725
5002820;8961
5003501;5373
5003502;19215
5003503;4233
5003504;2974
5003505;6064
5004201;882
5004202;157
5004203;182
5004204;8791
5004901;17
5004902;27466
5004903;25026
5004904;12962
5004905;7716
5004906;452
5004907;13815
5004908;23106
5004909;16901
5004910;12251
5004911;15191
5004912;15544
5004913;18067
5004914;15152
5005601;1042
5005602;979
5005603;859
5005604;10048
5005605;6782
5005606;16372
5005607;656
5006301;11507
5006302;13764
5006303;14362
5006304;14891
5006305;3822
5006306;311
5006307;1405
5006308;13673
5006309;15789
5006310;14964
5006311;15400
5007001;25293
5007002;17668
5007003;11035
5007004;32684
5007005;15690
5007006;14873
5007007;10662
5007008;16703
5007009;15765
5007010;11959
5007701;24290
5007702;928
5007703;937
5007704;1505
5008401;4462
5008402;17272
5008403;9643
5008404;4910
5008405;293
5008406;203
5008407;4478
5008408;15112
5009101;12968
5009102;11471
5009103;7751
5009104;102
5009105;81
5009106;258
5009801;10269
5009802;2234
5009803;8460
5009804;16103
5009805;11773
5009806;12150
5009807;19522
5009808;23261
5009809;14448
5010501;12244
5010502;5435
5010503;9745
5010504;21266
5010505;13975
5010506;4118
5010507;6297
5010508;3119
5010509;5177
5010510;8263
5010511;11027
5010512;5098
5010513;6634
5010514;8020
5010515;17043
5010516;9498
5010517;11140
5010518;14370
5010519;15549
5011201;5901
5011202;5149
5011203;3810
5011204;746
5011205;252
5011206;516
5011901;9
5011902;5076
5011903;17209
5011904;11404
5011905;392
5011906;15368
5012601;433
5012602;1212
5012603;22867
5012604;1177
5012605;6835
5400701;6875
5400702;220
5400703;13268
5400704;1446
5400705;4113
5400706;16327
5401401;7652
5401402;9692
5401403;5139
5401404;2090
5401405;8948
5401406;7481
5401407;2854
5401408;4523
5401409;2358
5401410;2666
5402101;1113
5402102;1371
5402103;1333
5402104;629
5402105;14180
5402106;6059
5402107;2355
5402801;10920
5402802;8550
5402803;15180
5402804;20189
5402805;7969
5402806;17039
5402807;18973
5402808;22738
5402809;5103
5402810;11739
5402811;1452
5402812;25544
5402813;20134
5402814;1130
5402815;3407
5402816;1720
5402817;360
5402818;22088
5402819;37683
5402820;24313
5402821;433
5402822;10673
5402823;15842
5402824;21577
5403501;1007
5403502;582
5403503;723
5403504;7265
5404201;2548
5404202;117
5404203;14600
5404204;21338
5404205;16230
5404206;11763
5404207;3839
5404208;1950
5404209;232
5404210;5604
5404901;19981
5404902;9153
5404903;11882
5404904;1886
5405601;4082
5405602;8163
5405603;9208
5405604;204
5405605;1241
5405606;20738
5405607;7256
5405608;4971
5405609;12034
5406301;12437
5406302;67
5406303;476
5406304;6218
5406305;1162
5406306;63
5406307;410
5406308;16682
5406309;14367
5406310;14873
5406311;15472
5407001;1838
5407002;5177
5407003;14494
5407004;2156
5407005;5854
5407006;1467
5407007;6754
5407008;7335
5407701;10504
5407702;8683
5407703;5297
5407704;6097
5407705;672
5407706;3635
5407707;2677
5407708;8996
5408401;8363
5408402;666
5408403;9289
5408404;4657
5408405;287
5408406;3093
5408407;161
5408408;285
5408409;9944
5409101;17191
5409102;20922
5409103;2130
5409104;3751
5409105;10078
5409106;1260
5409107;13817
5409108;5897
5409109;4173
5409110;5928
5409111;3315
5409112;4857
5409113;14182
5409801;3568
5409802;4771
5409803;1216
5409804;935
5409805;12362
5409806;756
5409807;2296
5409808;1338
5409809;6668
5409810;9792
5409811;1418
5409812;12608
5410501;3398
5410502;13030
5410503;2251
5410504;2227
5411201;7348
5411202;91
5411203;115
5411204;4
5411205;15353
5411206;3212
5411207;4928
5411901;9504
5411902;3408
5411903;4808
5411904;2936
5411905;5875
5411906;1223
5800701;1923
5800702;1522
5800703;4861
5801401;10786
5802101;2155
5802801;4532
5803501;696
5803502;7539
5803503;13769
5803504;17104
5803505;11246
5803506;11066
5803507;15047
5803508;25770
5803509;19829
5803510;16243
5803511;21226
5803512;12651
5803513;11479
5803514;19518
5803515;14610
5803516;11644
5803517;9546
5803518;21161
5803519;12439
5803520;9304
5803521;13532
5803522;16322
5803523;19840
5803524;15226
5803525;15866
5804201;2133
5804202;13123
5804901;203
5804902;1436
5804903;437
5804904;12649
5805601;724
5805602;470
5805603;8778
5805604;9072
5805605;10704
5806301;6925
5807001;11297
5807002;701
5807701;2673
5807702;4561
5808401;4692
5809101;4282
5809102;407
5809103;19398
5809801;3649
5809802;929
5810501;4964
5810502;2058
5811201;1423
5811202;3340
5811203;15983
5811204;15803
6200701;38
6200702;64
6200703;899
6200704;47
6200705;6171
6200706;8853
6200707;12111
6200708;11564
6200709;746
6200710;6501
6200711;10684
6201401;8158
6201402;3078
6201403;3719
6201404;8544
6201405;43
6201406;6834
6201407;322
6201408;95
6201409;1032
6201410;1400
6201411;2098
6202101;7191
6202102;9789
6202103;6193
6202104;423
6202105;1181
6202106;4335
6202107;6786
6202108;7437
6202109;7510
6202110;8731
6202111;9307
6202112;4852
6202113;6537
6202114;16370
6202115;5968
6202116;8724
6202117;8510
6202118;5768
6202119;7888
6202801;1470
6202802;70
6202803;45
6202804;5484
6203501;5280
6204201;765
6204202;723
6204203;36
6204204;8528
6204205;3337
6204206;10614
6204207;14243
6204208;6164
6204209;8629
6204210;9881
6204211;9177
6204212;8994
6204213;6189
6204214;7473
6204215;5992
6204216;2783
6204217;1693
6204218;5820
6204219;3788
6204220;6932
6204221;6325
6204222;4865
6204223;8484
6204224;6263
6204225;10026
6204226;10732
6204227;9926
6204228;8395
6204229;9100
6204230;9817
6204231;10811
6204232;8396
6204233;7086
6204234;8114
6204235;5875
6204236;8385
6204237;10182
6204238;11205
6204239;6582
6204240;11277
6204241;7482
6204242;9117
6204243;10715
6204901;3475
6205601;1736
6206301;11344
6206302;2484
6206303;155
6206304;124
6207001;3959
6207002;3469
6207701;10888
6207702;7403
6207703;1776
6207704;7576
6207705;238
6207706;1403
6208401;3867
6208402;1010
6208499;2224
6209101;4806
6209102;2494
6209103;6261
6209104;2182
6600701;4235
6600702;9054
6600703;11292
6600704;18998
6600705;2047
6600706;11785
6601401;1847
6601402;5468
6602101;14786
6602102;64
6602801;19317
6602802;6063
6602803;187
6602804;30985
6602805;21663
6602806;22164
6602807;22431
6602808;13793
6602809;17341
6602810;11349
6602811;9771
6602812;15014
6602813;8233
6602814;17631
6602815;32466
6602816;27372
6602817;18095
6602818;19600
6602819;19187
6602820;24009
6602821;26779
6602822;17321
6602823;29654
6602824;17694
6602825;16760
6602826;32647
6602827;19411
6602828;19176
6603501;24882
6603502;10907
6604201;9123
6604202;11587
6604901;6677
6604902;9268
6604903;7924
6604904;23357
6605601;20670
6605602;14788
6605603;7677
6605604;7441
6605605;2599
6605606;27357
6605607;18479
6605608;13412
6605609;29657
6605610;14830
6606301;2639
6606302;548
6607001;1250
6607002;2250
6607003;265
6607004;469
6607005;1753
6607701;4994
6607702;2308
6607703;461
6608401;4570
6608402;1134
6609101;650
6609102;1088
6609801;4685
6609802;2750
6610501;236
6610502;5814
6611201;4218
6611202;8765
6611203;13355
6611204;14013
6611901;3142
6611902;2510
6612601;4580
6612602;19878
6612603;3175
6612604;17219
6612605;11436
6612606;24595
6612607;27380
6612608;30575
6613301;11188
6613302;10323
6613303;8846
6614001;10316
6614002;531
6614003;2288
6614004;15858
6614701;785
6614702;602
6614703;12393
6614704;8359
6614705;16563
6615401;2214
6615402;4802
6616101;5323
6616102;2182
6616103;2839
7000701;4797
7000702;8698
7000703;7723
7000704;2497
7000705;173
7001401;7231
7001402;825
7001403;69
7002101;338
7002102;2691
7002103;1365
7002104;3824
7002105;88
7002106;34
7002107;248
7002801;9648
7002802;9709
7002803;16716
7002804;10749
7002805;11181
7002806;16315
7002807;14846
7002808;8254
7002809;11705
7003501;16205
7003502;3820
7003503;2284
7003504;2440
7003505;1179
7003506;398
7003507;12017
7004201;14697
7004202;23502
7004203;4060
7004204;25015
7004205;19984
7004901;466
7004902;4996
7004903;1387
7004904;2250
7005601;7077
7005602;11227
7005603;1529
7005604;84
7005605;28
7005606;290
7005607;1495
7006301;4521
7006302;4786
7007001;17583
7007002;8140
7007003;4290
7007004;152
7007005;22997
7007701;6268
7007702;16310
7007703;14426
7007704;13956
7007705;12155
7007706;2769
7007707;2175
7007708;18584
7007709;14297
7007710;13428
7008401;306
7008402;18169
7008403;23907
7008404;16513
7008405;8396
7008406;15350
7009101;11052
7009102;63
7009801;20141
7009802;8788
7009803;9393
7009804;9765
7010501;6561
7010502;4951
7010503;10619
7011201;4848
7011202;38
7011901;807
7011902;5180
7011903;1235
7012601;7958
7012602;7692
7012603;1296
7012604;173
7013301;4815
7013302;48
7400701;369
7400702;524
7400703;3202
7400704;10143
7400705;4849
7401401;242
7401402;194
7401403;460
7401404;2074
7401405;1015
7402101;2706
7402102;893
7402103;7717
7402104;1841
7402801;5816
7402802;2862
7402803;5384
7402804;6682
7403501;382
7403502;247
7403503;487
7403504;1100
7403505;142
7403506;657
7403507;13407
7403508;18608
7403509;14108
7403510;17525
7403511;11170
7403512;15275
7403513;9734
7403514;10500
7403515;1059
7403516;10135
7403517;827
7403518;536
7404201;366
7404202;4120
7404203;3292
7404204;2764
7404205;82
7404206;1155
7404901;1319
7404902;6484
7404903;4046
7404904;17084
7405601;1166
7405602;4196
7405603;13182
7405604;3910
7405605;12467
7405606;15500
7405607;28794
7405608;13682
7405609;13378
7405610;17205
7405611;15866
7405612;21301
7405613;8241
7405614;16351
7405615;16215
7405616;646
7405617;1267
7405618;327
7405619;325
7406301;935
7406302;774
7406303;1338
7406304;731
7406305;929
7800701;35
7800702;59
7800703;34
7800704;129
7800705;6405
7800706;4431
7801401;12326
7801402;29998
7801403;3764
7801404;787
7801405;5840
7801406;35
7801407;52
7801408;5715
7801409;17450
7801410;879
7801411;22196
7801412;8588
7802101;322
7802102;89
7802103;104
7802104;2251
7802105;66
7802106;175
7802107;1578
7802108;8814
7802109;5920
7802110;12404
7802111;17289
7802112;20633
7802113;28552
7802114;15070
7802801;1734
7802802;11
7802803;13
7802804;346
7802805;10253
7802806;25
7802807;6482
7803501;41
7803502;453
7803503;150
7803504;3410
7803505;79
7803506;4617
7804201;73
7804202;1835
7804203;7294
7804901;428
7804902;48
7804903;167
7804904;18
7804905;4497
8200701;2083
8200702;15650
8200703;13987
8200704;13068
8201401;19159
8201402;13627
8201403;9064
8201404;14303
8201405;13505
8201406;12367
8201490;75
8202101;17861
8202102;21304
8202103;14485
8202104;26980
8202105;16130
8202106;23585
8202107;18437
8202108;13474
8202109;12776
8202110;13060
8202801;15604
8202802;11030
8202803;22776
8202804;15700
8202805;21640
8202892;160
8203501;10172
8203502;10718
8204201;12791
8204202;15324
8204203;14422
8204204;19757
8204205;8821
8204206;18727
8204207;20197
8204208;8804
8204209;27009
8204210;19112
8204211;12586
8204212;13433
8204291;41
8204901;29613
8204902;3382
8204903;23261
8204904;7160
8204905;26807
8204906;15991
8204907;24299
8204908;5519
8204909;10372
8204910;30006
8205601;11839
8205602;14316
8205603;11315
8205604;13065
8205605;16140
8206301;23709
8206302;22707
8206303;24016
8206304;16131
8206305;20776
8206306;17245
8206307;12188
8206308;10430
8206309;8926
8206310;14279
8206311;25998
8206312;15031
8206313;17414
8206314;9500
8206315;10514
8206316;10144
8206317;11359
8206318;8106
8206319;13282
8206320;7663
8206321;11075
8206322;6687
8206323;9852
8206324;9298
8206325;9322
8206326;21675
8206327;18462
8206328;26247
8206329;16263
8206330;13284
8206331;20881
8206332;20524
8206333;10901
8206334;24230
8206335;6974
8207001;7350
8207002;14184
8207003;20228
8207004;21854
8207005;18788
8207006;8438
8207007;14104
8207701;4816
8207702;6517
8207703;16950
8207704;1549
8208401;4335
8208402;17514
8208403;15399
8208404;18153
8208405;19172
8208406;25772
8208407;26339
8208408;10430
8208409;9468
8208410;33090
8208411;17506
8208412;23001
8208413;15284
8208414;8659
8208415;6556
8208416;8797
8208417;11432
8208418;10924
8208419;12196
8208420;8137
8208421;8458
8208422;7758
8208423;13267
8208424;9943
8208425;8627
8208426;12031
8208427;11126
8208428;13039
8208429;15642
8208430;15344
8208431;17019
8208432;17441
8208433;24415
8208434;16977
8208435;19445
8208436;15027
8208437;11394
8208438;11643
8208439;12838
8208440;10796
8208441;10932
8208442;11936
8208443;10773
8208444;14111
8208445;20564
8208446;16465
8208447;16958
8208448;28042
8208449;20474
8208450;14011
8208451;13092
8208452;18951
8208453;21634
8208454;14382
8208455;25688
8208456;135
8208457;10553
8208458;5137
8208459;27439
8208460;3212
8208461;18532
8208462;24837
8208463;18442
8208464;4451
8208465;7195
8208466;4112
8208467;1342
8208468;1816
8208469;6175
8208470;531
8208471;310
8208472;5377
8208473;889
8208474;1091
8208475;927
8208476;324
8208477;21710
8208478;5028
8208479;2267
8208480;15772
8208481;14983
8208482;23715
8208483;13065
8208484;21238
8208485;18815
8208486;15505
8208487;14526
8208488;19819
8208489;18958
8208490;12961
8208495;9
8209101;7668
8209102;5264
8209103;20482
8209104;5251
8209105;15291
8209106;14922
8209801;9398
8209802;4161
8209803;8712
8209804;8688
8210501;14683
8210502;17677
8210503;16462
8210504;19061
8210505;12957
8211201;4412
8211202;10302
8211203;5481
8211204;20709
8211901;22168
8211902;9044
8211903;14636
8211904;26682
8211905;17079
8211906;10416
8211907;16432
8211908;18132
8211909;11353
8211910;11206
8211993;67
8211994;29
8211996;6
8211997;5
8212601;8667
8212602;10752
8212603;16439
8212604;10369
8212605;17615
8213301;669
8213302;6948
8213303;4078
8213304;18981
8213305;5450
8213306;15368
8600701;6006
8600702;1342
8600703;262
8601401;2039
8601402;1160
8601403;243
8601404;342
8601405;3355
8601406;952
8601407;7387
8601408;447
8601409;1327
8602101;1575
8602102;8593
8602103;755
8602801;1428
8602802;3552
8602803;3715
8602804;8885
8602805;3183
8603501;619
8603502;1112
8603503;421
8603504;1147
8603505;1294
8603506;2074
8603507;4560
8603508;11259
8603509;1179
8603510;4170
8603511;13904
8603512;21143
8603513;24736
8603514;20624
8603515;19708
8603516;14329
8604201;381
8604202;7790
8604203;1072
8604901;1737
8604902;3553
8604903;14052
8604904;1216
8604905;29659
8604906;630
8604908;17273
8604909;14972
8604910;23936
8604911;18209
8604912;18757
8604913;11893
8604914;14382
8604915;17317
8604916;19608
8604917;22505
8604918;19344
8604919;18082
8605601;4808
8605602;2804
8605603;14100
8605604;3275
8605605;6417
8606301;2692
8606302;2400
8606303;1539
8606304;950
8606305;437
8606306;13498
8606307;0
8606308;13151
8607001;2649
8607002;4010
8607003;767
8607004;4993
8607005;2979
8607006;2422
8607701;3629
8607702;7501
8607703;2022
8607704;2768
8607705;11737
8607706;10448
8608401;732
8608402;706
8608403;2262
8608404;3902
8609101;5798
8609102;709
8609103;329
8609104;7516
8609801;8523
8609802;2123
8609803;2244
8609804;2198
8609805;2299
8609806;418
8609807;246
8610501;2661
8610502;14970
8610503;2405
8611201;890
8611202;809
8611203;191
8611901;7600
8611902;865
8611903;1495
8611904;18403
8611905;3767
8612601;147
8612602;1692
8612603;11016
8612604;1153
8613301;1119
8613302;3848
8613303;1762
8613304;8194
8613305;2028
8613306;797
8613307;1469
8613308;1297
8614001;2148
8614002;7016
8614003;1404
8614701;3723
8614702;2556
8614703;4556
8614704;4040
8614705;2995
8614706;1753
8614707;3078
8614708;16689
8614709;15477
8615401;3577
8615402;901
8615403;537
8616101;12428
8616102;4560
8616103;18555
8616104;8872
8616801;2438
8616802;6136
8616803;2643
8617501;2206
8617502;2459
8617503;5166
8618201;569
8618202;3464
8618203;574
8618901;2983
8618902;1765
8618903;2964
9000701;925
9000702;1644
9000703;926
9000704;6924
9000705;2976
9000706;5642
9000707;7483
9000708;4415
9000709;2213
9000710;3803
9001401;45223
9001402;8617
9001403;1609
9001404;2185
9001405;2006
9001406;10052
9001407;11570
9001408;2153
9001409;3564
9001410;1683
9001411;5397
9001412;28973
9001413;19066
9001414;9196
9001415;8414
9001416;20791
9002101;6212
9002102;6624
9002103;2195
9002104;7911
9002105;5751
9002106;22828
9002107;29214
9002801;16812
9002802;5493
9002803;12237
9003501;5817
9003502;4580
9003503;3154
9004201;15388
9004202;10986
9004203;3459
9004204;404
9004901;1479
9004902;4033
9004903;1215
9004904;1828
9004905;8491
9004906;747
9004907;1209
9005601;1308
9005602;907
9005603;14222
9005604;3029
9005605;2775
9005606;2568
9005607;3303
9005608;2221
9005609;3105
9005610;2326
9005611;3215
9005612;6320
9005613;3210
9005614;6440
9006301;17793
9006302;12227
9006303;7246
9006304;13561
9006305;17647
9007001;931
9007002;6328
9007003;4040
9007004;8906
9007005;1128
9007006;5992
9007007;595
9007008;5493
9007009;1806
9007010;704
9007011;853
9007012;1396
9007013;4276
9007014;21193
9007701;26114
9007702;9335
9007703;1019
9007704;13733
9007705;704
9007706;5942
9008401;28318
9008402;23391
9008403;17139
9008404;19364
9008405;10875
9008406;13098
9008407;13537
9008408;23088
9008409;11043
9008410;27937
9008411;13261
9008412;17416
9008413;11071
9008414;13620
9008415;11655
9008416;23084
9008417;12275
9008418;10720
9008419;12457
9008420;10751
9008421;19224
9008422;30018
9008423;13562
9008424;23328
9008425;23965
9008426;18626
9008427;19228
9008428;29676
9008429;22082
9008430;25057
9009101;8351
9009102;4961
9009103;4122
9009104;2072
9009105;1674
9009106;1607
9009107;2116
9009108;2594
9009109;955
9009110;1029
9009111;709
9009112;686
9009801;1867
9009802;114
9009803;3170
9009804;9782
9010501;405
9010502;3161
9010503;591
9010504;1191
9010505;5425
9010506;25865
9010507;16746
9010508;21253
9010509;18408
9010510;28593
9011201;4396
9011202;8269
9011203;3141
9011204;1565
9011901;282
9011902;16793
9011903;17087
9011904;23534
9011905;17380
9400701;197
9400702;55
9400703;72
9400704;58
9400705;3021
9400706;77
9400707;43
9400708;44
9400710;13805
9400711;11528
9400712;12375
9400713;12860
9400714;15907
9401401;292
9401402;24
9401403;47
9401404;12384
9401405;8560
9401406;12137
9401407;12747
9401408;10765
9402101;17
9402801;190
