Provincia,Partido,Link Indec,ADSL,CABLEMODEM,DIAL UP,FIBRA OPTICA,OTROS,SATELITAL,WIMAX,WIRELESS,Total general,Persona,Total Poblacion Real
Buenos Aires,25 de Mayo,6854.0,1688,5486,0,8,177,976,0,1185,9520,19523,35842
Buenos Aires,9 de Julio,6588.0,5085,3362,83,5976,145,1,0,1355,16007,16764,47722
Buenos Aires,AMBA,6882.0,0,0,0,35,0,0,0,13,48,8986,114269
Buenos Aires,Zárate,6882.0,2448,26372,0,79,700,7,0,982,30588,10618,114269
Buenos Aires,Adolfo Alsina,6007.0,780,0,1,3266,1,2,0,297,4347,12298,17072
Buenos Aires,Adolfo Gonzales Chaves,6014.0,549,0,2,1573,0,0,0,431,2555,514,12047
Buenos Aires,Alberti,6021.0,742,0,6,1,0,0,0,8,757,66,10654
Buenos Aires,Almirante Brown,6028.0,517,95559,156,72228,423,6,0,722,169611,206148,552902
Buenos Aires,Arrecifes,6077.0,956,1187,12,4697,60,1,0,1882,8795,7251,29044
Buenos Aires,Avellaneda,6035.0,5513,57898,184,48974,105,7,0,305,112986,85184,342677
Buenos Aires,Ayacucho,6042.0,2053,0,2,0,0,1,0,222,2278,8062,20337
Buenos Aires,Azul,6049.0,2424,13779,53,56,65,3,0,2231,18611,14049,65280
Buenos Aires,Bahía Blanca,6056.0,5063,105447,407,9091,468,11,0,2997,123484,38536,301572
Buenos Aires,Balcarce,6063.0,1503,11047,38,52,59,0,0,1077,13776,24618,43823
Buenos Aires,Baradero,6070.0,2009,6807,0,4,0,2,0,1088,9910,31212,32761
Buenos Aires,Benito Juárez,6084.0,782,0,21,597,4,4,0,329,1737,756,20239
Buenos Aires,Berazategui,6091.0,4368,36373,62,64756,61,5,0,109,105734,105330,324244
Buenos Aires,Berisso,6098.0,4198,12465,23,6723,29,0,0,1368,24806,50000,88470
Buenos Aires,Bragado,6112.0,1140,4224,10,348,9,0,0,324,6055,25532,41336
Buenos Aires,Brandsen,6119.0,2481,5,0,1482,2,0,0,1135,5105,3013,26367
Buenos Aires,Campana,6126.0,2242,17495,1,8780,18,3,0,159,28698,44757,94461
Buenos Aires,Capitán Sarmiento,6140.0,180,4011,0,0,0,0,0,133,4324,432,14494
Buenos Aires,Carlos Casares,6147.0,1425,9,9,1477,1,0,0,2944,5865,12073,22237
Buenos Aires,Carlos Tejedor,6154.0,15,476,1,68,0,1,0,1544,2105,5297,11570
Buenos Aires,Carmen de Areco,6161.0,388,1707,5,0,1,0,0,1043,3144,11910,14692
Buenos Aires,Castelli,6168.0,67,1109,0,1174,0,2,0,31,2383,373,8205
Buenos Aires,Cañuelas,6134.0,1722,8638,42,2666,0,3,0,1189,14260,42093,51892
Buenos Aires,Chacabuco,6210.0,1052,9991,16,317,44,0,0,416,11836,23390,48703
Buenos Aires,Chascomús,6217.0,2263,9228,85,1291,85,1,444,0,13397,10717,42277
Buenos Aires,Chivilcoy,6224.0,2728,9485,119,1361,119,1,0,3396,17209,35802,64185
Buenos Aires,Colón,6175.0,4143,1588,0,1794,0,0,0,35,7560,11675,24890
Buenos Aires,Coronel Dorrego,6189.0,228,1160,3,961,0,0,0,85,2437,304,15825
Buenos Aires,Coronel Pringles,6196.0,649,2056,4,29,0,0,0,174,2912,11760,22933
Buenos Aires,Coronel Suárez,6203.0,817,2659,89,4786,88,0,0,1360,9799,14921,38320
Buenos Aires,Coronel de Marina L Rosales,6182.0,852,20293,48,5,0,7,0,146,21351,39416,62152
Buenos Aires,Daireaux,6231.0,281,0,0,0,194,50,0,418,943,447,16889
Buenos Aires,Dolores,6238.0,1575,10215,1,8,0,0,325,1,12125,22287,27042
Buenos Aires,Ensenada,6245.0,1534,10765,17,2923,6,0,0,2099,17344,21966,56729
Buenos Aires,Escobar,6252.0,10651,38657,29,18282,341,3,0,480,68443,118181,213619
Buenos Aires,Esteban Echeverría,6260.0,457,51557,69,27622,75,5,0,725,80510,149652,300959
Buenos Aires,Exaltación de la Cruz,6266.0,3070,7166,8,317,0,2,0,206,10769,12278,29805
Buenos Aires,Ezeiza,6270.0,1982,40890,25,9152,183,6,0,147,52385,49406,163722
Buenos Aires,Florencio Varela,6274.0,3621,50395,45,34076,276,3,0,1076,89492,171710,426005
Buenos Aires,Florentino Ameghino,6277.0,117,0,0,297,0,1,0,5,420,8869,8869
Buenos Aires,General Alvarado,6280.0,5144,1584,79,931,76,2,0,1133,8949,17044,39594
Buenos Aires,General Arenales,6294.0,1531,1856,2,525,267,0,0,1515,5696,10534,14903
Buenos Aires,General Belgrano,6301.0,513,1507,5,2,0,2,0,921,2950,689,17365
Buenos Aires,General Guido,6308.0,0,0,1,302,0,0,0,300,603,102,2816
Buenos Aires,General Juan Madariaga,6315.0,460,486,8,4033,0,1,0,0,4988,16680,19747
Buenos Aires,General La Madrid,6322.0,2510,0,74,1148,74,0,0,281,4087,900,10783
Buenos Aires,General Las Heras,6329.0,272,1056,4,1935,1,1,0,2,3271,912,14889
Buenos Aires,General Lavalle,6336.0,0,358,0,206,22,1,0,73,660,5555,3700
Buenos Aires,General Paz,6343.0,1243,0,11,553,11,0,0,1640,3458,492,11202
Buenos Aires,General Pinto,6351.0,1253,0,3,332,0,3,0,112,1703,2838,11261
Buenos Aires,General Rodríguez,6364.0,1293,10535,21,3251,4,1,0,505,15610,26054,87185
Buenos Aires,General San Martín,6371.0,10148,76708,11,44136,190,4,0,3199,134396,284144,414196
Buenos Aires,General Viamonte,6385.0,824,0,1,4159,0,0,0,145,5129,2096,18078
Buenos Aires,General Villegas,6392.0,1025,99,0,3637,450,6,0,104,5321,20468,30864
Buenos Aires,Guaminí,6399.0,198,0,1,363,0,0,0,761,1323,8291,11826
Buenos Aires,Hipólito Yrigoyen,6406.0,113,0,1,0,0,0,0,810,924,129,9585
Buenos Aires,Hurlingham,6408.0,670,22457,84,29657,66,0,0,719,53653,51555,181241
Buenos Aires,Ituzaingó,6410.0,442,35617,131,25534,122,3,0,567,62416,65436,167824
Buenos Aires,José C Paz,6412.0,2429,30036,84,12224,482,2,0,108,45365,54741,265981
Buenos Aires,Junín,6413.0,3361,18346,87,3410,89,1,16,8712,34022,60941,90305
Buenos Aires,La Costa,6420.0,7659,17139,56,11169,1483,0,0,270,37776,26581,69633
Buenos Aires,La Matanza,6427.0,8886,256784,389,116789,479,11,0,6105,389443,130725,711410
Buenos Aires,La Plata,6441.0,13016,193783,537,44041,807,10,0,7505,259699,156155,439949
Buenos Aires,Lanús,6434.0,923,77993,243,79748,266,1,0,826,160000,63768,459263
Buenos Aires,Laprida,6448.0,0,22,0,2741,0,0,0,125,2888,487,10210
Buenos Aires,Las Flores,6455.0,2063,0,0,2287,0,0,0,819,5169,10761,23871
Buenos Aires,Leandro N Alem,6462.0,1195,658,0,940,47,2,0,1441,4283,3356,16799
Buenos Aires,Lincoln,6469.0,1392,8631,41,1013,2,2,0,616,11697,34830,41808
Buenos Aires,Lobería,6476.0,784,0,7,1172,15,1,0,907,2886,8185,17523
Buenos Aires,Lobos,6483.0,821,787,11,6756,156,0,0,306,8837,31342,36172
Buenos Aires,Lomas De Zamora,6490.0,1065,126932,266,44175,567,5,0,3299,176309,83034,607020
Buenos Aires,Luján,6497.0,3488,13830,41,11232,37,1,0,3053,31682,75763,106273
Buenos Aires,Magdalena,6505.0,708,3524,1,808,0,0,437,3,5481,19301,19301
Buenos Aires,Maipú,6511.0,743,0,7,1,1100,1,0,81,1933,538,10188
Buenos Aires,Malvinas Argentinas,6515.0,7252,25541,30,15081,4185,1,0,148,52238,154664,322375
Buenos Aires,Mar Chiquita,6518.0,2313,1508,2,2613,0,0,0,1452,7888,31794,21279
Buenos Aires,Marcos Paz,6525.0,2567,671,11,123,6084,1,0,15,9472,1797,54181
Buenos Aires,Mercedes,6532.0,1214,6309,59,2765,59,3,0,1694,12103,30828,63284
Buenos Aires,Merlo,6539.0,5661,67721,86,49128,136,1,0,5081,127814,99060,528494
Buenos Aires,Monte,6547.0,487,1919,3,4077,0,1,0,362,6849,991,21034
Buenos Aires,Monte Hermoso,6553.0,400,0,0,5460,0,0,0,0,5860,4387,6499
Buenos Aires,Moreno,6560.0,1719,68518,124,36324,861,7,0,1483,109036,126372,452505
Buenos Aires,Morón,6568.0,1347,63513,196,58469,216,5,0,257,124003,13220,321109
Buenos Aires,Navarro,6574.0,392,1728,3,1536,0,1,0,726,4386,14244,17054
Buenos Aires,Necochea,6581.0,3783,4293,157,14085,156,3,0,3156,25633,42145,92933
Buenos Aires,OTROS,6595.0,7,0,0,0,28954,0,0,0,28961,188,111708
Buenos Aires,Olavarría,6595.0,4133,18890,7,2080,65,6,0,1,25182,1301,111708
Buenos Aires,Patagones,6602.0,1229,84,35,5360,32,1,0,442,7183,5132,30207
Buenos Aires,Pehuajó,6609.0,4347,1,69,33,69,0,0,687,5206,27080,39776
Buenos Aires,Pellegrini,6616.0,311,797,5,0,0,3,0,32,1148,5119,5887
Buenos Aires,Pergamino,6623.0,2892,18835,82,1666,82,5,0,867,24429,48867,104590
Buenos Aires,Pila,6630.0,0,0,1,1,0,0,0,53,55,2851,3640
Buenos Aires,Pilar,6638.0,26979,49896,38,9852,666,8,450,3038,90927,215700,299077
Buenos Aires,Pinamar,6644.0,12458,4337,0,10867,1000,3,0,0,28665,5492,25728
Buenos Aires,Presidente Perón,6648.0,77,13644,8,6236,8,0,0,113,20086,23436,81141
Buenos Aires,Punta Indio,6655.0,0,114,0,0,0,0,0,0,114,4651,9888
Buenos Aires,Puán,6651.0,238,2947,1,1590,24,2,0,916,5718,1398,15743
Buenos Aires,Quilmes,6658.0,590,115348,219,50756,378,3,0,690,167984,79407,582943
Buenos Aires,Ramallo,6665.0,926,3027,0,3,1544,1,0,2,5503,10666,33042
Buenos Aires,Rivadavia,6679.0,849,928,0,1543,1,1,0,985,4307,2511,17143
Buenos Aires,Rojas,6686.0,595,3485,2,1355,0,1,0,1552,6990,3470,23432
Buenos Aires,Roque Pérez,6693.0,191,1930,1,0,0,0,0,461,2583,442,12513
Buenos Aires,Saavedra,6700.0,859,0,3,3657,0,0,0,102,4621,5441,20749
Buenos Aires,Saladillo,6707.0,664,4651,0,3638,1,1,0,420,9375,18821,32103
Buenos Aires,Salliqueló,6721.0,151,0,3,0,36,2,0,0,192,8644,8644
Buenos Aires,Salto,6714.0,1550,1325,1,7702,189,2,0,37,10806,29422,32653
Buenos Aires,San Andrés de Giles,6728.0,516,665,1,4175,711,2,0,375,6445,2305,23027
Buenos Aires,San Antonio de Areco,6735.0,1379,1826,5,3120,0,2,0,2557,8889,11429,23138
Buenos Aires,San Cayetano,6742.0,146,984,0,1015,0,0,0,284,2429,266,8399
Buenos Aires,San Fernando,6749.0,5457,37277,4,10359,20,2,0,110,53229,11034,163240
Buenos Aires,San Isidro,6756.0,8486,98343,60,5895,101,3,0,87,112975,87054,292878
Buenos Aires,San Miguel,6760.0,802,86761,106,36515,157,5,0,1322,125668,75660,276190
Buenos Aires,San Nicolás,6763.0,9482,17602,2,7378,0,4,0,160,34628,48800,145857
Buenos Aires,San Pedro,6770.0,2544,4698,0,7017,315,5,0,78,14657,147,59036
Buenos Aires,San Vicente,6778.0,1237,7925,8,6634,14,0,0,601,16419,47295,59478
Buenos Aires,Suipacha,6784.0,369,0,2,2807,0,0,0,397,3575,649,10081
Buenos Aires,Tandil,6791.0,2901,38698,203,3122,362,3,0,843,46132,27023,123871
Buenos Aires,Tapalqué,6798.0,0,0,0,1,0,1,0,0,2,170,9178
Buenos Aires,Tigre,6805.0,9718,84105,4,39750,27,14,0,2186,135804,67800,376381
Buenos Aires,Tordillo,6812.0,40,227,0,0,0,0,0,74,341,282,1764
Buenos Aires,Tornquist,6819.0,606,1571,0,2548,0,1,0,0,4726,7515,12723
Buenos Aires,Trenque Lauquen,6826.0,2574,196,68,13931,2444,5,0,1247,20465,24740,43021
Buenos Aires,Tres Arroyos,6833.0,1681,14525,62,2356,477,1,0,2393,21495,23319,57110
Buenos Aires,Tres De Febrero,6840.0,8706,82726,70,44987,214,5,0,451,137159,263955,340071
Buenos Aires,Tres Lomas,6847.0,93,724,1,136,319,0,0,94,1367,373,8700
Buenos Aires,Vicente López,6861.0,6516,78794,21,36882,54,4,0,624,122895,62514,269420
Buenos Aires,Villa Gesell,6868.0,5967,0,0,5036,91,0,0,0,11094,5383,31730
Buenos Aires,Villarino,6875.0,939,957,4,2147,1,0,0,1047,5095,8354,31014
Catamarca,Ambato,10007.0,0,0,0,0,0,2,0,152,154,2123,4463
Catamarca,Ancasti,10014.0,0,0,0,0,0,1,0,0,1,635,2917
Catamarca,Andalgalá,10021.0,846,0,0,178,1,4,0,242,1271,27868,18132
Catamarca,Antofagasta de la Sierra,10028.0,0,0,0,0,0,6,0,0,6,284,1436
Catamarca,Belén,10035.0,0,0,0,0,0,5,0,0,5,6633,27843
Catamarca,Capayán,10042.0,150,0,0,15,0,4,0,483,652,7417,16085
Catamarca,Capital,10049.0,8249,10486,1,38965,0,3,0,14,57718,41336,159703
Catamarca,El Alto,10056.0,0,0,0,0,0,2,0,28,30,1467,3570
Catamarca,Paclín,10077.0,72,0,0,0,0,4,0,15,91,992,4185
Catamarca,Pomán,10084.0,0,0,0,0,0,0,0,16,16,4237,10776
Catamarca,Santa Rosa,10098.0,0,0,0,0,0,4,0,0,4,11180,12034
Catamarca,Valle Viejo,10112.0,0,0,0,3558,0,6,0,20,3584,16099,27242
Chaco,12 de Octubre,22036.0,195,0,0,498,0,4,0,76,773,14690,22281
Chaco,1º de Mayo,22126.0,535,0,0,191,0,1,0,79,806,6508,10322
Chaco,2 de Abril,22039.0,0,28,0,205,478,1,0,0,712,6778,7432
Chaco,25 de Mayo,22168.0,369,311,0,45,0,0,0,315,1040,19946,29215
Chaco,9 de Julio,22105.0,1293,0,0,74,0,1,0,0,1368,11140,28555
Chaco,Almirante Brown,22007.0,0,0,0,2424,0,12,0,295,2731,17384,34075
Chaco,Bermejo,22014.0,709,0,0,105,0,4,0,831,1649,19078,25052
Chaco,Chacabuco,22028.0,1924,0,0,1186,0,2,0,230,3342,19120,30590
Chaco,Comandante Fernández,22021.0,3559,112,0,5972,24,2,0,116,9785,283,96944
Chaco,Fray Justo Santa María De Oro,22043.0,0,32,0,0,1035,1,0,0,1068,13472,11826
Chaco,General Belgrano,22049.0,161,0,0,48,0,1,0,28,238,3973,11988
Chaco,General Donovan,22056.0,104,633,0,289,305,5,0,0,1336,13490,13490
Chaco,General Güemes,22063.0,599,0,0,303,0,7,0,1726,2635,55387,67132
Chaco,Independencia,22070.0,210,0,0,524,3,1,0,0,738,10477,22411
Chaco,Libertad,22077.0,541,1,0,114,0,2,0,163,821,2821,12158
Chaco,Libertador General San Martín,22084.0,511,1130,0,5147,0,6,0,1587,8381,24422,59147
Chaco,Maipú,22091.0,461,0,0,0,0,0,0,77,538,4905,25288
Chaco,Mayor Luis J Fontana,22098.0,2878,74,0,1153,0,2,0,922,5029,28853,55080
Chaco,O Higgins,22112.0,148,32,0,92,406,5,0,0,683,12983,20131
Chaco,OTROS,22112.0,0,0,0,0,24,0,0,0,24,3710,20131
Chaco,Presidencia de la Plaza,22119.0,216,327,0,58,0,0,0,0,601,9195,12499
Chaco,Quitilipi,22133.0,884,0,0,69,0,0,0,166,1119,22952,34081
Chaco,San Fernando,22140.0,11863,59120,5,25564,2,11,0,365,96930,77270,390874
Chaco,San Lorenzo,22147.0,0,0,0,32,0,2,0,755,789,7149,14702
Chaco,Sargento Cabral,22154.0,0,0,0,331,0,2,0,15,348,15889,15889
Chaco,Tapenagá,22161.0,0,0,0,27,0,1,0,0,28,345,4097
Chubut,Biedma,26007.0,3648,24433,200,3781,5283,12,0,2948,40305,24464,82883
Chubut,Cushamen,26014.0,1715,0,1,378,0,5,0,1433,3532,9686,20919
Chubut,Escalante,26021.0,20745,12474,282,2945,390,39,0,17503,54378,28324,186583
Chubut,Florentino Ameghino,26028.0,0,0,0,0,0,1,0,211,212,208,1627
Chubut,Futaleufú,26035.0,7614,1522,60,0,18,17,0,5089,14320,43076,43076
Chubut,Gaiman,26042.0,223,0,18,157,709,18,0,0,1125,11226,11141
Chubut,Gastre,26049.0,0,0,0,0,0,2,0,0,2,1427,1427
Chubut,Languiñeo,26056.0,0,0,0,0,0,3,0,9,12,3085,3085
Chubut,Mártires,26063.0,0,0,0,0,0,2,0,0,2,713,778
Chubut,Paso de Indios,26070.0,0,1,0,0,0,2,0,1,4,1867,1867
Chubut,Rawson,26077.0,9299,33765,340,1597,1395,4,0,1897,48297,9120,131313
Chubut,Río Senguer,26084.0,0,0,1,0,0,7,0,43,51,5979,5979
Chubut,Sarmiento,26091.0,2133,1,0,712,0,2,0,277,3125,195,11396
Chubut,Tehuelches,26098.0,0,0,1,0,0,1,0,0,2,3717,5390
Chubut,Telsen,26105.0,0,16,0,0,1,5,0,53,75,1644,1644
Córdoba,Calamuchita,14007.0,66,0,0,1467,0,1,0,2559,4093,45798,54730
Córdoba,Capital,14014.0,58016,222667,44,208950,1218,11,0,4971,495877,25480,727237
Córdoba,Colón,14021.0,6628,13513,0,15237,318,3,0,1364,37063,138324,225151
Córdoba,Cruz del Eje,14028.0,1565,1733,0,3056,6,0,0,653,7013,57886,58759
Córdoba,General Roca,14035.0,1622,0,1,1294,171,2,0,1097,4187,29537,35645
Córdoba,General San Martín,14042.0,1225,782,0,5,2,3,0,346,2363,86606,127454
Córdoba,Ischilín,14049.0,0,0,0,0,0,2,0,102,104,21211,31312
Córdoba,Juárez Celman,14056.0,1554,0,0,775,23,1,0,469,2822,44966,61078
Córdoba,Marcos Juárez,14063.0,4817,4749,0,1661,2423,9,0,628,14287,93146,104205
Córdoba,Minas,14070.0,0,0,0,2,0,0,0,237,239,4727,4727
Córdoba,Pocho,14077.0,0,0,0,0,0,0,0,106,106,5380,5380
Córdoba,Presidente Roque Sáenz Peña,14084.0,1486,8011,0,15,68,1,0,1243,10824,36282,36282
Córdoba,Punilla,14091.0,6539,11399,0,426,0,0,0,1913,20277,155788,178401
Córdoba,Río Cuarto,14098.0,12692,45098,1,22158,2614,13,0,2546,85122,210377,246393
Córdoba,Río Primero,14105.0,0,0,0,1,0,0,0,11,12,16810,46675
Córdoba,Río Seco,14112.0,0,0,0,0,0,0,0,60,60,6005,13242
Córdoba,Río Segundo,14119.0,874,1631,0,156,0,2,0,819,3482,65096,103718
Córdoba,San Alberto,14126.0,66,40,0,48,0,0,0,90,244,31492,37004
Córdoba,San Javier,14133.0,0,0,0,0,0,1,0,351,352,49726,53520
Córdoba,San Justo,14140.0,2037,8045,0,5801,1,5,58,781,16728,122071,206307
Córdoba,Santa María,14147.0,5155,1452,0,11131,0,0,0,592,18330,42537,98188
Córdoba,Sobremonte,14154.0,0,0,0,2,0,0,0,0,2,1114,4591
Córdoba,Tercero Arriba,14161.0,3949,6207,0,2512,270,2,0,1267,14207,94731,109554
Córdoba,Unión,14182.0,1949,8194,0,4385,0,2,0,727,15257,82586,105727
Corrientes,Bella Vista,18007.0,1379,600,0,0,100,2,0,600,2681,23380,37181
Corrientes,Berón de Astrada,18014.0,0,0,0,0,0,1,0,0,1,1411,2461
Corrientes,Capital,18021.0,14446,62107,4,7582,7,6,0,1481,85633,79165,358223
Corrientes,Concepción,18028.0,0,0,0,0,3,5,0,62,70,19124,21113
Corrientes,Curuzú Cuatiá,18035.0,921,0,0,4480,3030,6,0,628,9065,12995,44384
Corrientes,Empedrado,18042.0,755,300,0,0,0,3,0,105,1163,9550,15109
Corrientes,Esquina,18049.0,458,0,0,944,1500,2,0,477,3381,19407,30802
Corrientes,General Alvear,18056.0,516,0,0,0,0,2,0,0,518,7095,7926
Corrientes,General Paz,18063.0,152,2,0,0,0,5,0,114,273,10591,14836
Corrientes,Goya,18070.0,2618,11732,0,3102,66,5,0,3,17526,17292,89959
Corrientes,ItatÍ,18077.0,434,0,0,0,0,1,0,29,464,7772,9171
Corrientes,Ituzaingó,18084.0,1645,276,0,0,1,4,0,48,1974,21263,31150
Corrientes,Lavalle,18091.0,31,0,0,859,0,3,0,15,908,10872,28759
Corrientes,Mburucuyá,18098.0,0,0,0,0,0,2,0,49,51,6297,9252
Corrientes,Mercedes,18105.0,1806,1541,0,554,0,9,0,304,4214,17494,40667
Corrientes,Monte Caseros,18112.0,1903,30,0,1016,18,4,0,1634,4605,17361,36338
Corrientes,OTROS,18112.0,0,0,0,0,30,0,0,0,30,2085,36338
Corrientes,Paso de los Libres,18119.0,4560,0,0,4,0,5,59,93,4721,18166,48642
Corrientes,Saladas,18126.0,832,0,0,75,50,3,0,18,978,13210,22244
Corrientes,San Cosme,18133.0,112,0,0,0,368,2,0,99,581,9312,14381
Corrientes,San Luis del Palmar,18140.0,0,0,0,0,0,1,0,0,1,10872,17590
Corrientes,San Martín,18147.0,326,0,0,0,0,1,0,0,327,188,13140
Corrientes,San Miguel,18154.0,0,0,0,0,0,2,0,154,156,6959,10572
Corrientes,San Roque,18161.0,0,0,0,0,0,5,0,0,5,12159,18366
Corrientes,Santo Tomé,18168.0,3614,0,0,3,1,5,0,1343,4966,10200,61297
Corrientes,Sauce,18175.0,0,552,0,0,0,2,0,0,554,7014,9032
Entre Ríos,Colón,30008.0,3323,1535,0,2683,865,7,0,2637,11050,64895,62160
Entre Ríos,Concordia,30015.0,8919,111,0,3970,1,2,0,835,13838,134583,170033
Entre Ríos,Diamante,30021.0,2900,3226,0,85,154,0,224,851,7440,43008,46361
Entre Ríos,Federación,30028.0,2010,6248,0,4829,0,0,0,1048,14135,79767,68736
Entre Ríos,Federal,30035.0,563,4,0,4,1100,1,0,1306,2978,19667,25863
Entre Ríos,Feliciano,30042.0,1,0,0,0,0,2,0,733,736,12084,15079
Entre Ríos,Gualeguay,30049.0,3858,3594,0,1,753,1,0,1712,9919,18218,51883
Entre Ríos,Gualeguaychú,30056.0,7054,13699,1,4887,1,2,0,2600,28244,77543,109461
Entre Ríos,Islas del Ibicuy,30063.0,547,99,0,0,0,0,0,58,704,9785,12077
Entre Ríos,La Paz,30070.0,2674,2843,0,2367,83,0,0,1661,9628,32114,66903
Entre Ríos,Nogoyá,30077.0,2933,305,0,0,698,2,0,1280,5218,34267,39026
Entre Ríos,OTROS,30077.0,0,0,0,0,7199,0,0,0,7199,1790,39026
Entre Ríos,Paraná,30084.0,10215,92577,15,5305,100,5,0,3794,112011,261801,339930
Entre Ríos,San Salvador,30088.0,483,0,0,720,1,1,0,234,1439,13228,17357
Entre Ríos,Tala,30091.0,1283,209,0,213,1357,0,0,65,3127,10912,25665
Entre Ríos,Uruguay,30098.0,6771,8429,6,8449,6,2,0,4716,28379,96677,100728
Entre Ríos,Victoria,30105.0,4355,3,0,2,0,0,0,381,4741,15635,35767
Entre Ríos,Villaguay,30113.0,1564,0,0,3456,1,1,0,1600,6622,40422,48965
Formosa,Bermejo,34007.0,0,0,0,0,0,3,0,157,160,14339,14046
Formosa,Formosa,34014.0,10588,25680,0,6364,10,9,0,7950,50601,97320,234354
Formosa,Laishi,34021.0,14,0,0,0,0,5,0,800,819,17100,17063
Formosa,Matacos,34028.0,216,0,0,0,0,1,0,252,469,12657,14375
Formosa,Patiño,34035.0,792,0,0,874,29,11,0,3386,5092,57802,68581
Formosa,Pilagás,34042.0,0,0,0,3,0,3,0,866,872,14806,18399
Formosa,Pilcomayo,34049.0,1428,27,1,2712,15,3,0,1596,5782,53257,85024
Formosa,Pirané,34056.0,1408,173,0,1080,100,11,0,1737,4509,23336,64566
Formosa,Ramón Lista,34063.0,0,0,0,8,0,11,0,53,72,23095,13754
Jujuy,Cochinoca,38007.0,0,0,0,0,0,4,0,221,225,3234,12656
Jujuy,Doctor Manuel Belgrano,38021.0,8743,40131,0,33456,189,7,0,262,82788,74686,265249
Jujuy,El Carmen,38014.0,470,1438,0,0,0,5,0,40,1953,85751,97039
Jujuy,Humahuaca,38028.0,372,0,0,15,371,8,0,330,1096,16476,17366
Jujuy,Ledesma,38035.0,859,523,0,0,0,3,0,380,1765,58986,81790
Jujuy,Palpalá,38042.0,1947,1057,0,3416,56,4,0,1,6481,23728,52631
Jujuy,Rinconada,38049.0,0,0,0,19,0,9,0,0,28,4004,2488
Jujuy,SANTA BARBARA,38070.0,177,0,0,0,0,11,0,356,544,12201,17730
Jujuy,San Antonio,38056.0,2,87,0,78,0,1,0,0,168,6682,4466
Jujuy,San Pedro,38063.0,0,0,0,0,0,0,0,37,37,1410,75037
Jujuy,Santa Catalina,38077.0,0,0,0,15,0,0,0,0,15,2800,2800
Jujuy,Susques,38084.0,0,0,0,201,0,2,0,1,204,4637,3791
Jujuy,Tilcara,38094.0,0,0,0,15,572,5,0,451,1043,10222,12349
Jujuy,Tumbaya,38098.0,78,0,0,0,6,0,0,547,631,4658,4658
Jujuy,Valle Grande,38105.0,0,0,0,0,0,2,0,0,2,326,2451
Jujuy,Yavi,38112.0,660,0,0,90,5,1,0,1,757,19084,20806
La Pampa,Atreucó,42007.0,0,333,1,344,0,5,0,1229,1912,10153,10153
La Pampa,Caleu Caleu,42014.0,0,261,0,0,0,3,0,335,599,2199,2313
La Pampa,Capital,42021.0,1760,47043,66,1389,3165,4,0,605,54032,8077,105312
La Pampa,Catriló,42028.0,0,877,1,682,516,4,0,149,2229,7293,7293
La Pampa,Chalileo,42049.0,0,0,2,0,0,1,0,862,865,2985,2985
La Pampa,Chapaleufú,42056.0,83,613,2,267,1,7,0,1520,2493,11620,11620
La Pampa,Conhelo,42035.0,1693,1533,2,701,2,3,0,342,4276,13657,14077
La Pampa,Curacó,42042.0,0,0,0,0,0,2,0,151,153,567,1040
La Pampa,Guatraché,42070.0,0,239,0,8,0,3,0,317,567,8831,8831
La Pampa,Hucal,42077.0,48,0,0,4,0,2,0,1493,1547,4993,7540
La Pampa,Lihuel Calel,42084.0,0,0,0,1,0,1,0,0,2,283,439
La Pampa,Limay Mahuida,42091.0,0,0,0,0,0,1,0,65,66,503,503
La Pampa,Loventué,42098.0,0,0,0,3,0,3,0,315,321,8619,8619
La Pampa,Maracó,42105.0,2535,1,91,14690,278,1,0,3138,20734,21969,59024
La Pampa,OTROS,42105.0,0,1,0,0,0,0,0,0,1,12815,59024
La Pampa,Puelén,42112.0,0,0,1,1027,0,2,0,1081,2111,856,9468
La Pampa,Quemú Quemú,42119.0,0,0,3,553,218,3,0,392,1169,4742,8663
La Pampa,Rancul,42126.0,0,500,0,411,0,3,0,258,1172,7844,10668
La Pampa,Realicó,42133.0,15,6,0,249,0,6,0,2725,3001,16227,16227
La Pampa,Toay,42140.0,225,5104,0,556,0,1,0,259,6145,12134,12409
La Pampa,Trenel,42147.0,84,652,0,1,0,4,0,590,1331,5426,5426
La Pampa,Utracán,42154.0,551,2915,1,975,0,6,0,1150,5598,14686,14839
La Rioja,Arauco,46007.0,104,2031,0,4,0,1,0,87,2227,13101,15418
La Rioja,Capital,46014.0,5272,34941,4,16315,6,3,0,1223,57764,13332,180995
La Rioja,Castro Barros,46021.0,0,611,0,2,0,1,0,17,631,4268,4268
La Rioja,Chamical,46035.0,229,2963,0,8,0,1,0,9,3210,12069,14160
La Rioja,Chilecito,46042.0,1046,4888,0,3329,0,0,0,171,9434,64916,49432
La Rioja,Coronel Felipe Varela,46028.0,1,379,0,2,0,1,0,88,471,16162,9648
La Rioja,Famatina,46049.0,0,0,0,0,0,0,0,6,6,2676,5863
La Rioja,General Angel V Peñaloza,46056.0,0,0,0,1,0,0,0,93,94,3073,3073
La Rioja,General Belgrano,46063.0,9,0,0,1,0,0,0,91,101,7370,7370
La Rioja,General Juan F Quiroga,46070.0,0,0,0,1,0,0,0,425,426,4108,4108
La Rioja,General Lamadrid,46077.0,0,0,0,1,0,0,0,255,256,1734,1734
La Rioja,General Ocampo,46084.0,0,0,0,0,0,0,0,34,34,3247,7145
La Rioja,General San Martín,46091.0,0,691,0,2,0,0,0,1,694,676,4944
La Rioja,Independencia,46105.0,1,0,0,0,0,1,0,1,3,4854,2427
La Rioja,Rosario Vera Peñaloza,46112.0,4,2312,0,3,1,1,0,489,2810,12955,14054
La Rioja,San Blas de los Sauces,46119.0,0,2,0,6,0,1,0,556,565,37983,3927
La Rioja,Sanagasta,46126.0,0,543,0,5,0,1,0,5,554,2345,2345
La Rioja,Vinchina,46098.0,0,0,0,0,0,0,0,2,2,2731,2731
Mendoza,Capital,50007.0,6997,69861,182,32987,202,16,0,2053,112298,9464,115041
Mendoza,General Alvear,50014.0,782,3876,2,2224,411,1,0,3578,10874,2295,46429
Mendoza,Godoy Cruz,50021.0,4261,25,90,32973,100,2,0,1014,38465,93260,191903
Mendoza,Guaymallén,50028.0,6524,7,93,30434,17,3,0,2020,39098,348857,283803
Mendoza,Junín,50035.0,4868,0,59,1786,52,1,0,1431,8197,43923,37859
Mendoza,La Paz,50042.0,384,0,0,4,0,0,0,0,388,157,10012
Mendoza,Las Heras,50049.0,1784,7,34,14597,11,8,0,722,17163,117580,203666
Mendoza,Lavalle,50056.0,229,0,0,0,0,0,0,0,229,656,36738
Mendoza,Luján de Cuyo,50063.0,3579,9,40,7136,870,5,0,2281,13920,121443,119888
Mendoza,Maipú,50070.0,3077,3,43,11651,21,0,0,2019,16814,236546,172332
Mendoza,Malargüe,50077.0,0,1613,4,8,0,5,0,28,1658,26732,27660
Mendoza,OTROS,50077.0,0,0,0,0,7,0,0,0,7,24290,27660
Mendoza,Rivadavia,50084.0,0,0,0,1,0,0,0,434,435,56373,56373
Mendoza,San Carlos,50091.0,200,167,0,87,1,1,0,1900,2356,32631,32631
Mendoza,San Martín,50098.0,0,0,1,619,0,0,0,559,1179,134481,118220
Mendoza,San Rafael,50105.0,35,1,2,2096,1,1,0,2394,4530,108416,188018
Mendoza,Santa Rosa,50112.0,0,0,0,6,0,0,0,836,842,7415,16374
Mendoza,Tunuyán,50119.0,473,1450,1,12,0,0,0,215,2151,38045,49458
Mendoza,Tupungato,50126.0,0,0,0,37,0,0,0,406,443,9224,32524
Misiones,25 de Mayo,54119.0,0,0,0,85,758,4,0,192,1039,31162,27754
Misiones,Apóstoles,54007.0,2041,3520,0,5,0,2,0,709,6277,23422,42249
Misiones,Cainguás,54014.0,11,1236,0,1338,0,10,0,141,2736,43947,53403
Misiones,Candelaria,54021.0,916,1,0,0,13,2,0,6,938,22723,27040
Misiones,Capital,54028.0,8362,71188,0,11608,12,8,0,316,91494,34650,324756
Misiones,Concepción,54035.0,0,470,0,3,0,1,0,154,628,1305,9577
Misiones,Eldorado,54042.0,7804,0,0,0,6,1,0,1,7812,16378,78221
Misiones,General Manuel Belgrano,54049.0,0,0,0,1,375,0,0,0,376,21035,42902
Misiones,Guaraní,54056.0,0,0,0,2265,540,1,0,1699,4505,21453,67897
Misiones,Iguazú,54063.0,2916,2519,0,6491,0,6,0,100,12032,19198,82227
Misiones,Leandro N Alem,54070.0,1019,3829,0,14,163,2,0,143,5170,45075,45075
Misiones,Libertador Grl San Martín,54077.0,4002,2804,0,0,72,4,0,787,7669,31468,46561
Misiones,Montecarlo,54084.0,1520,296,0,1127,520,3,0,0,3466,21032,36745
Misiones,OTROS,54091.0,0,0,0,0,4797,0,0,0,4797,4857,107501
Misiones,Oberá,54091.0,4872,733,0,2463,157,1,0,2,8228,95496,107501
Misiones,San Ignacio,54098.0,1854,0,0,2227,0,3,0,5545,9629,56512,57728
Misiones,San Javier,54105.0,0,1397,0,5,135,3,0,400,1940,20906,20906
Misiones,San Pedro,54112.0,0,849,0,1136,23,0,0,879,2887,30259,31051
Neuquén,Aluminé,58007.0,4,927,1,0,0,6,0,993,1931,5368,8306
Neuquén,Añelo,58014.0,0,3,0,366,0,14,0,353,736,10786,10786
Neuquén,Catan LilL,58021.0,0,0,2,0,0,1,0,61,64,2155,2155
Neuquén,Chos Malal,58042.0,435,0,8,290,8,4,92,455,1292,15256,15256
Neuquén,Collón Curá,58028.0,0,0,2,0,0,2,0,0,4,4532,4532
Neuquén,Confluencia,58035.0,15053,70238,401,19291,363,65,2,18581,123994,218230,362673
Neuquén,Huiliches,58049.0,390,1814,2,1377,0,2,0,1373,4958,203,14725
Neuquén,Loncopué,58063.0,0,0,0,0,0,2,0,60,62,6925,6925
Neuquén,Los Lagos,58070.0,1447,0,9,0,9,5,0,236,1706,11998,11998
Neuquén,Lácar,58056.0,7784,847,0,5045,0,5,0,1123,14804,1194,29748
Neuquén,Minas,58077.0,150,0,3,1,0,3,0,175,332,7234,7234
Neuquén,Pehuenches,58091.0,0,0,0,0,0,4,0,30,34,4689,24087
Neuquén,Picunches,58105.0,0,0,0,0,0,1,0,0,1,7022,7022
Neuquén,Picún Leufú,58098.0,0,0,0,0,0,1,0,301,302,929,4578
Neuquén,Zapala,58112.0,3350,0,30,1435,29,3,0,2444,7291,20566,36549
Neuquén,Ñorquín,58084.0,0,0,1,0,0,3,0,179,183,4692,4692
Río Negro,25 de Mayo,62091.0,0,0,0,30,0,3,0,19,52,15743,15743
Río Negro,9 de Julio,62049.0,0,0,0,0,0,2,0,0,2,3475,3475
Río Negro,Adolfo Alsina,62007.0,2610,1122,91,10701,92,8,0,1464,16088,12421,57678
Río Negro,Avellaneda,62014.0,486,4937,3,765,0,15,0,103,6309,20589,35323
Río Negro,Bariloche,62021.0,18616,2454,212,14394,15215,15,0,3175,54081,43800,133500
Río Negro,Conesa,62028.0,87,0,0,1036,0,2,0,22,1147,140,7069
Río Negro,El Cuy,62035.0,0,0,0,0,0,3,0,0,3,5280,5280
Río Negro,General Roca,62042.0,3633,21285,27,3887,2621,22,0,3723,35198,261044,320921
Río Negro,Pichi Mahuida,62063.0,860,1796,6,4,0,6,0,1272,3944,25172,14107
Río Negro,Pilcaniyeu,62070.0,383,0,2,8,100,5,0,320,818,7428,7428
Río Negro,San Antonio,62077.0,1508,0,7,5428,0,32,0,1401,8376,36860,29284
Río Negro,Valcheta,62084.0,0,0,0,1,0,2,0,0,3,4877,4877
Salta,Anta,66007.0,0,1164,0,457,705,8,0,10,2344,46119,57411
Salta,Cachi,66014.0,0,0,0,1,0,1,0,320,322,7315,7315
Salta,Cafayate,66021.0,974,0,0,2,0,1,0,315,1292,14850,14850
Salta,Capital,66028.0,16259,78853,5,36835,88,12,0,6006,138058,144618,536113
Salta,Cerrillos,66035.0,591,2552,0,1543,150,4,0,88,4928,35789,35789
Salta,Chicoana,66042.0,411,0,0,951,135,4,0,622,2123,20710,20710
Salta,General Güemes,66049.0,2551,0,0,291,0,6,0,13,2861,47226,47226
Salta,Grl José de San Martín,66056.0,1872,1732,0,286,537,14,0,14,4455,126954,156910
Salta,Guachipas,66063.0,0,0,0,3,35,2,0,110,150,2639,3187
Salta,Iruya,66070.0,0,0,0,11,80,0,0,73,164,3765,5987
Salta,La Caldera,66077.0,159,0,0,140,543,3,0,477,1322,7302,7763
Salta,La Candelaria,66084.0,0,0,0,83,0,6,0,131,220,5704,5704
Salta,La Poma,66091.0,0,0,0,1,0,0,0,44,45,1088,1738
Salta,La Viña,66098.0,0,0,0,0,0,0,0,4,4,7435,7435
Salta,Los Andes,66105.0,0,0,0,33,0,19,0,97,149,6050,6050
Salta,Metán,66112.0,3096,676,0,400,0,4,0,3,4179,40351,40351
Salta,Molinos,66119.0,2,0,0,3,0,0,0,45,50,2510,5652
Salta,OTROS,66126.0,0,0,0,0,16,0,0,0,16,3175,138838
Salta,Orán,66126.0,4635,921,0,3273,823,11,0,331,9994,127402,138838
Salta,Rivadavia,66133.0,30,0,0,2,3,2,0,105,142,30357,30357
Salta,Rosario de Lerma,66147.0,1608,403,0,3357,10,5,0,268,5651,14565,38702
Salta,Rosario de la Frontera,66140.0,0,0,0,76,0,4,0,0,80,28993,28993
Salta,San Carlos,66154.0,0,0,0,7,0,1,0,90,98,7016,7016
Salta,Santa Victoria,66161.0,0,0,0,2,50,0,0,51,103,10344,10344
San Juan,25 de Mayo,70126.0,0,0,0,0,0,0,0,146,146,16946,17119
San Juan,9 de Julio,70063.0,0,0,0,0,0,0,0,10,10,9307,9307
San Juan,Albardón,70007.0,509,0,5,0,300,0,0,191,1005,23089,23888
San Juan,Calingasta,70021.0,0,0,2,0,0,2,0,1794,1798,4394,8588
San Juan,Capital,70028.0,12814,22723,227,10721,3576,5,0,6781,56847,9648,109123
San Juan,Caucete,70035.0,1006,0,0,0,2750,1,0,525,4282,32042,38343
San Juan,Chimbas,70042.0,2944,0,6,942,0,0,0,1950,5842,29394,87258
San Juan,Iglesia,70049.0,0,0,0,0,0,13,0,271,284,9099,9099
San Juan,Jáchal,70056.0,0,0,0,0,0,0,0,429,429,21730,21730
San Juan,Pocito,70070.0,549,0,4,0,0,1,0,442,996,70745,53162
San Juan,Rawson,70077.0,16318,0,12,0,0,2,0,1534,17866,45156,114368
San Juan,Rivadavia,70084.0,2028,0,12,77,15,1,0,2243,4376,306,82641
San Juan,San Martín,70091.0,0,0,0,0,0,0,0,33,33,11115,11115
San Juan,Santa Lucía,70098.0,2400,0,11,73,15,0,0,2075,4574,40282,48087
San Juan,Sarmiento,70105.0,0,0,0,2,0,2,0,2,6,11512,22131
San Juan,Ullum,70112.0,0,0,1,0,0,0,0,402,403,4848,4886
San Juan,Valle Fértil,70119.0,0,0,0,0,190,0,0,30,220,1614,7222
San Juan,Zonda,70133.0,0,0,0,0,0,0,0,340,340,4815,4863
San Luis,Ayacucho,74007.0,0,0,0,2,0,4,0,2244,2250,30182,19087
San Luis,Belgrano,74014.0,0,0,0,0,0,0,0,2107,2107,5286,3985
San Luis,Chacabuco,74028.0,0,0,0,8,0,2,0,3889,3899,23606,20744
San Luis,Coronel Pringles,74021.0,0,0,0,0,0,0,0,1618,1618,13157,13157
San Luis,General Pedernera,74035.0,1964,29276,89,4,14585,0,0,15819,61737,31630,125899
San Luis,Gobernador Dupuy,74042.0,0,0,5,0,0,4,0,1884,1893,11779,11779
San Luis,Junín,74049.0,174,24,0,7,0,0,0,1266,1471,28933,28933
San Luis,La Capital,74056.0,3193,1,86,15,84,9,0,22616,26004,277378,204019
San Luis,Libertador Grl San Martín,74063.0,0,0,0,0,0,7,0,2542,2549,6410,4707
San Luis,OTROS,74063.0,0,0,0,0,70,0,0,0,70,929,4707
Santa Cruz,Corpen Aike,78007.0,1295,618,6,0,2,3,0,62,1986,94,11093
Santa Cruz,Deseado,78014.0,1488,8280,9,5921,14,26,0,2836,18574,66363,107630
Santa Cruz,Güer Aike,78021.0,3943,10399,173,746,179,18,0,195,15653,4430,113267
Santa Cruz,Lago Argentino,78028.0,2595,0,0,4148,2,11,0,620,7376,1758,18864
Santa Cruz,Lago Buenos Aires,78035.0,0,2600,9,0,102,11,0,30,2752,494,8750
Santa Cruz,Magallanes,78042.0,849,2150,1,0,1,8,0,153,3162,73,9202
Santa Cruz,Río Chico,78049.0,0,0,0,0,1,6,0,0,7,476,5158
Santa Fe,9 de Julio,82077.0,1,0,0,0,0,9,0,226,236,29832,29832
Santa Fe,Belgrano,82007.0,4288,2462,0,324,0,0,0,195,7269,44788,44788
Santa Fe,Caseros,82014.0,5609,6047,0,886,850,0,0,1575,14967,82025,82025
Santa Fe,Castellanos,82021.0,1034,327,0,891,0,0,0,294,2546,161962,178092
Santa Fe,Constitución,82028.0,718,1507,0,750,0,0,0,353,3328,31304,86750
Santa Fe,Garay,82035.0,0,440,0,0,0,0,0,633,1073,20890,20890
Santa Fe,General López,82042.0,1623,1491,0,3385,40,1,0,876,7416,190983,190983
Santa Fe,General Obligado,82049.0,358,213,0,3578,760,4,0,1861,6774,176410,176410
Santa Fe,Iriondo,82056.0,1994,7259,0,465,0,1,0,531,10250,66675,66675
Santa Fe,La Capital,82063.0,27677,68641,32,40805,2127,14,0,1477,140773,228020,525093
Santa Fe,Las Colonias,82070.0,2128,8198,0,423,0,4,0,1004,11757,104946,104946
Santa Fe,Rosario,82084.0,67659,213615,75,94153,5703,10,0,6975,388190,439663,738660
Santa Fe,San Cristóbal,82091.0,1379,2105,0,0,0,4,0,627,4115,68878,68878
Santa Fe,San Javier,82098.0,0,0,0,0,0,2,0,507,509,30959,30959
Santa Fe,San Jerónimo,82105.0,502,184,0,0,400,0,0,493,1579,50206,80840
Santa Fe,San Justo,82112.0,0,0,0,0,0,0,0,110,110,40904,40904
Santa Fe,San Lorenzo,82119.0,8165,2826,1,6812,215,3,0,185,18207,157148,157148
Santa Fe,San Martín,82126.0,425,175,0,0,275,0,0,1,876,63842,63842
Santa Fe,Vera,82133.0,485,0,0,0,1050,5,0,775,2315,51494,51494
Santiago Del Estero,Aguirre,86007.0,13,0,0,0,0,1,0,0,14,262,7610
Santiago Del Estero,Alberdi,86014.0,1,0,0,220,57,11,0,40,329,7139,17252
Santiago Del Estero,Atamisqui,86021.0,2,0,0,4,0,4,0,74,84,10923,10923
Santiago Del Estero,Avellaneda,86028.0,74,20,0,0,100,5,0,84,283,20763,20763
Santiago Del Estero,Banda,86035.0,28,43,0,1276,5,6,0,829,2187,43806,142279
Santiago Del Estero,Belgrano,86042.0,0,429,0,3,0,5,0,276,713,9243,9243
Santiago Del Estero,Capital,86049.0,7527,77825,2,8778,251,8,0,1980,96371,136877,267125
Santiago Del Estero,Choya,86063.0,3417,23,0,813,0,4,0,858,5115,18477,34667
Santiago Del Estero,Copo,86056.0,0,0,0,443,102,6,0,170,721,31404,31404
Santiago Del Estero,Figueroa,86070.0,1,0,0,7,0,1,0,55,64,9081,17820
Santiago Del Estero,General Taboada,86077.0,137,946,0,1256,200,6,0,374,2919,35337,38105
Santiago Del Estero,Guasayán,86084.0,2,0,0,0,200,2,0,3,207,1438,7602
Santiago Del Estero,Jiménez,86091.0,0,0,0,4,83,1,0,0,88,14023,14352
Santiago Del Estero,Juan F Ibarra,86098.0,272,0,0,3,20,7,0,176,478,17387,18051
Santiago Del Estero,Loreto,86105.0,0,0,0,0,0,1,0,341,342,2661,20036
Santiago Del Estero,Mitre,86112.0,0,3,0,0,0,1,0,0,4,890,1890
Santiago Del Estero,Moreno,86119.0,4,0,0,1,60,5,0,0,70,32130,32130
Santiago Del Estero,OTROS,86126.0,0,0,0,0,310,0,0,0,310,11016,14008
Santiago Del Estero,Pellegrini,86133.0,1,0,0,5,265,1,0,22,294,9554,20514
Santiago Del Estero,Quebrachos,86140.0,1,147,0,0,0,1,0,63,212,10568,10568
Santiago Del Estero,Rivadavia,86154.0,0,607,0,0,0,3,0,64,674,5015,5015
Santiago Del Estero,Robles,86161.0,948,0,0,3,0,5,0,316,1272,44415,44415
Santiago Del Estero,Río Hondo,86147.0,0,0,0,1,18,4,0,73,96,50036,54867
Santiago Del Estero,Salavina,86168.0,0,0,0,4,0,3,0,2,9,11217,11217
Santiago Del Estero,San Martín,86175.0,0,0,0,0,0,3,0,76,79,9831,9831
Santiago Del Estero,Sarmiento,86182.0,0,0,0,0,0,1,0,0,1,569,4607
Santiago Del Estero,Silípica,86189.0,3,0,0,2,0,2,0,115,122,7712,7712
Tierra Del Fuego,ANTARTIDA ARGENTINA,94014.0,0,0,0,2,0,1,0,0,3,72,56956
Tierra Del Fuego,Ushuaia,94014.0,4371,20775,175,4,178,6,0,109,25618,316,56956
Tierra Del Fuego,Río Grande,94007.0,8383,19188,137,397,138,16,0,16,28275,252,70042
Tucumán,Burruyacú,90007.0,0,0,0,12,0,5,0,12,29,27040,36951
Tucumán,Capital,90084.0,52350,17547,30,127401,338,15,0,498,198179,28318,548866
Tucumán,Chicligasta,90021.0,3588,71,0,2553,0,0,0,23,6235,37160,80735
Tucumán,Cruz Alta,90014.0,461,72,0,5562,19,2,0,140,6256,136298,180499
Tucumán,Famaillá,90028.0,1337,0,0,117,0,1,0,80,1535,12237,34542
Tucumán,Graneros,90035.0,0,0,0,4,0,3,0,72,79,13551,13551
Tucumán,Juan Bautista Alberdi,90042.0,1812,0,0,0,0,1,0,0,1813,15388,30237
Tucumán,La Cocha,90049.0,357,0,0,0,0,5,0,4,366,5512,19002
Tucumán,Leales,90056.0,1400,0,0,95,4,1,0,230,1730,18309,54949
Tucumán,Lules,90063.0,3571,2,0,2847,4,0,0,631,7055,50681,68474
Tucumán,Monteros,90070.0,2106,0,0,171,0,0,0,1066,3343,30430,63641
Tucumán,OTROS,90070.0,0,0,0,0,9,0,0,0,9,1806,63641
Tucumán,Río Chico,90077.0,2592,0,0,0,0,0,0,93,2685,49182,56847
Tucumán,Simoca,90091.0,0,0,0,0,0,0,0,393,393,20715,30876
Tucumán,Tafí Viejo,90105.0,5992,623,0,7653,11,0,0,6,14285,79463,121638
Tucumán,Tafí del Valle,90098.0,168,0,0,419,1,3,0,240,831,14933,14933
Tucumán,Trancas,90112.0,150,0,0,0,33,0,0,412,595,11410,17371
Tucumán,Yerba Buena,90119.0,1854,203,0,15511,34,0,0,97,17699,33880,75076
